"itemname","name","commonname","familyname","commonfamilyname","isnative","invasive","type","usdacode","url","preferredImageUrl","preferredImageOwner","preferredImageDescriptionUrl"
"Plant001","Thelypteris hexagonoptera","Broad beech fern","Aspleniaceae","Spleenwort Family","true","","fern","PHHE11","http://en.wikipedia.org/wiki/Thelypteris_hexagonoptera","noUrl","noUrl","noUrl"
"Plant002","Polystichum acrostichoides","Christmas fern","Aspleniaceae","Spleenwort Family","true","","fern","POACA","http://en.wikipedia.org/wiki/Polystichum_acrostichoides","http://upload.wikimedia.org/wikipedia/commons/6/6b/Christmas_Fern_Polystichum_acrostichoides_Curl_2250px.jpg","Ram-Man","http://commons.wikimedia.org/wiki/File:Christmas_Fern_Polystichum_acrostichoides_Curl_2250px.jpg"
"Plant003","Woodsia obtusa","Common woodsia","Aspleniaceae","Spleenwort Family","true","","fern","WOOBO","http://en.wikipedia.org/wiki/Woodsia_obtusa","noUrl","noUrl","noUrl"
"Plant004","Asplenium platyneuron","Ebony spleenwort","Aspleniaceae","Spleenwort Family","true","","fern","ASPLB","http://en.wikipedia.org/wiki/Asplenium_platyneuron","http://upload.wikimedia.org/wikipedia/commons/7/7f/Asplenium_platyneuron_drawing.png","Davepape","http://commons.wikimedia.org/wiki/File:Asplenium_platyneuron_drawing.png"
"Plant005","Cystopteris fragilis","Fragile fern","Aspleniaceae","Spleenwort Family","true","","fern","CYFR2","http://en.wikipedia.org/wiki/Cystopteris_fragilis","http://upload.wikimedia.org/wikipedia/commons/8/8d/Cystopteris_filix-fragilis_03-01.jpg","SieBot","http://commons.wikimedia.org/wiki/File:Cystopteris_filix-fragilis_03-01.jpg"
"Plant006","Athyrium filix-femina","Lady fern","Aspleniaceae","Spleenwort Family","true","","fern","ATFIA","http://en.wikipedia.org/wiki/Athyrium_filix-femina","http://upload.wikimedia.org/wikipedia/commons/5/5f/Athyrium.filix-femina.2.jpg","Sarefo","http://commons.wikimedia.org/wiki/File:Athyrium.filix-femina.2.jpg"
"Plant007","Polypodium polypodioides","Resurrection fern","Aspleniaceae","Spleenwort Family","true","","fern","PLPOM","http://en.wikipedia.org/wiki/Polypodium_polypodioides","noUrl","noUrl","noUrl"
"Plant008","Onoclea sensibilis","Sensitive fern","Aspleniaceae","Spleenwort Family","true","","fern","ONSE","http://en.wikipedia.org/wiki/Onoclea_sensibilis","http://upload.wikimedia.org/wikipedia/commons/f/fb/Asplenium_trichomanes0.jpg","Topjabot","http://commons.wikimedia.org/wiki/File:Asplenium_trichomanes0.jpg"
"Plant009","Athyrium thelypterioides","Silvery spleenwort","Aspleniaceae","Spleenwort Family","true","","fern","DEAC4","http://en.wikipedia.org/wiki/Athyrium_thelypteroides","noUrl","noUrl","noUrl"
"Plant010","Athyrium filix-femina (L.) Roth ssp. asplenioides (Michx.) Hulten","Southern lady fern","Aspleniaceae","Spleenwort Family","true","","fern","ATFIA2","no Url","noUrl","noUrl","noUrl"
"Plant011","Botrychium dissectum Spreng. var. obliquum (Muhl. ex Willd.) Clute","Grape fern","Ophioglossaceae","Adder’s-Tongue Fern Family","true","","fern","BODI2","no Url","noUrl","noUrl","noUrl"
"Plant012","Botrychium virginianum","Rattlesnake fern","Ophioglossaceae","Adder’s-Tongue Fern Family","true","","fern","BOVI","http://en.wikipedia.org/wiki/Botrychium_virginianum","http://upload.wikimedia.org/wikipedia/commons/f/f2/Botrychium_virginianum.JPG","TheAlphaWolf","http://commons.wikimedia.org/wiki/File:Botrychium_virginianum.JPG"
"Plant013","Polypodium polypodioides (L.) Watt var. michauxianum Weath.","Resurrection fern","Polypodiaceae","Polypody Family","true","","fern","PLPOM","no Url","noUrl","noUrl","noUrl"
"Plant014","Juniperus virginiana","Eastern red cedar","Cupressaceae","Cypress family","true","","","JUHO2","http://en.wikipedia.org/wiki/Juniperus_virginiana","http://upload.wikimedia.org/wikipedia/commons/7/71/Eastern_Juniper_Sandy_Hook_Old_Dune_Trail_in_winter.jpg","MPF","http://commons.wikimedia.org/wiki/File:Eastern_Juniper_Sandy_Hook_Old_Dune_Trail_in_winter.jpg"
"Plant015","Dicliptera brachiata","Dicliptera","Acanthaceae","Acanthus Family","true","","","DIBR2","no Url","noUrl","noUrl","noUrl"
"Plant016","Acer negundo","Box elder","Aceraceae","Maple family","true","","tree","ACNEA","http://en.wikipedia.org/wiki/Acer_negundo","http://upload.wikimedia.org/wikipedia/commons/3/3f/A.negundoAuratum1.JPG","Aha","http://commons.wikimedia.org/wiki/File:A.negundoAuratum1.JPG"
"Plant017","Acer rubrum","Red maple","Aceraceae","Maple family","true","","tree","ACRUD","http://en.wikipedia.org/wiki/Acer_rubrum","http://upload.wikimedia.org/wikipedia/commons/a/a3/Acer-rubrum-autumn.JPG","Siebrand","http://commons.wikimedia.org/wiki/File:Acer-rubrum-autumn.JPG"
"Plant018","Acer saccharinum","Silver maple","Aceraceae","Maple family","true","","tree","ACBA3","http://en.wikipedia.org/wiki/Acer_saccharinum","http://upload.wikimedia.org/wikipedia/commons/2/23/Acer-saccharinum-bud.JPG","Sten","http://commons.wikimedia.org/wiki/File:Acer-saccharinum-bud.JPG"
"Plant019","Acer saccharum","Sugar maple","Aceraceae","Maple family","true","","tree","ACBA3","http://en.wikipedia.org/wiki/Acer_saccharum","http://upload.wikimedia.org/wikipedia/commons/f/fb/Acer_nigrum_drawing.png","Tintazul","http://commons.wikimedia.org/wiki/File:Acer_nigrum_drawing.png"
"Plant020","Mollugo verticillata","Carpet weed","Aizoaceae","Ice Plant Family","true","","","MOVE","http://en.wikipedia.org/wiki/Mollugo_verticillata","noUrl","noUrl","noUrl"
"Plant021","Amaranthus retroflexus","Red-rooted pigweed","Amaranthaceae","Pigweed family","true","","","AMPOP","no Url","noUrl","noUrl","noUrl"
"Plant022","Amaranthus spinosus","Spiny pigweed","Amaranthaceae","Pigweed family","true","","","AMSP","http://en.wikipedia.org/wiki/Amaranthus_spinosus","http://upload.wikimedia.org/wikipedia/commons/4/49/Amaranthus_spinosus94.JPG","Xufanc","http://commons.wikimedia.org/wiki/File:Amaranthus_spinosus94.JPG"
"Plant023","Rhus glabra","Smooth sumac","Anacardiaceae","Cashew Family","true","","","RHGL","http://en.wikipedia.org/wiki/Rhus_glabra","http://upload.wikimedia.org/wikipedia/commons/b/ba/Rhus_glabra.jpg","MPF","http://commons.wikimedia.org/wiki/File:Rhus_glabra.jpg"
"Plant024","Toxicodendron radicans","Poison ivy","Anacardiaceae","Cashew Family","true","","vine","TODI","http://en.wikipedia.org/wiki/Toxicodendron_radicans","http://upload.wikimedia.org/wikipedia/commons/6/6a/1820_42_AmericanMedicalBotany_engr_byAnnin_and_Smith.png","M2545","http://commons.wikimedia.org/wiki/File:1820_42_AmericanMedicalBotany_engr_byAnnin_and_Smith.png"
"Plant025","Asimina triloba","pawpaw","Annonaceae","Custard Apple Family","true","","tree","ASTR","http://en.wikipedia.org/wiki/Asimina_triloba","http://upload.wikimedia.org/wikipedia/commons/2/20/Asimina_triloba.jpg","TheAlphaWolf","http://commons.wikimedia.org/wiki/File:Asimina_triloba.jpg"
"Plant026","Sanicula canadensis","Black snakeroot","Apiaceae","Carrot Family","true","","","SACAC2","http://en.wikipedia.org/wiki/Sanicula_canadensis","noUrl","noUrl","noUrl"
"Plant027","Chaerophyllum procumbens","Chervil","Apiaceae","Carrot Family","true","","","CHPRP","no Url","noUrl","noUrl","noUrl"
"Plant028","Cryptotaenia canadensis","Honewort","Apiaceae","Carrot Family","true","","","CRCA9","http://en.wikipedia.org/wiki/Cryptotaenia_canadensis","noUrl","noUrl","noUrl"
"Plant029","Osmorhiza longistylis","Sweet cicely","Apiaceae","Carrot Family","true","","","OSLO","http://en.wikipedia.org/wiki/Osmorhiza_longistylis","noUrl","noUrl","noUrl"
"Plant030","Torilis japonica*","Torilis","Apiaceae","Carrot Family","false","","","TOJA","no Url","noUrl","noUrl","noUrl"
"Plant031","Trachelospermum difforme","Climbing dogbane","Apocynaceae","Dogbane family","true","","","TRDI","no Url","noUrl","noUrl","noUrl"
"Plant032","Vinca major","Great periwinkle","Apocynaceae","Dogbane family","false","invasive","","VIMA","http://en.wikipedia.org/wiki/Vinca_major","http://upload.wikimedia.org/wikipedia/commons/3/38/California_Arena_Point_flower.jpg","Tsui","http://commons.wikimedia.org/wiki/File:California_Arena_Point_flower.jpg"
"Plant033","Ilex opaca","American holly","Aquifoliaceae","Holly Family","true","","tree","ILOPA","http://en.wikipedia.org/wiki/Ilex_opaca","http://upload.wikimedia.org/wikipedia/commons/9/90/American_Holly_Ilex_opaca_Berries_3008px.jpg","Ram-Man","http://commons.wikimedia.org/wiki/File:American_Holly_Ilex_opaca_Berries_3008px.jpg"
"Plant034","Ilex cornuta","Chinese holly","Aquifoliaceae","Holly Family","false","","tree","ILCO80","http://en.wikipedia.org/wiki/Ilex_cornuta","http://upload.wikimedia.org/wikipedia/commons/d/d6/Burford_holly_flowers_001.JPG","SB Johnny","http://commons.wikimedia.org/wiki/File:Burford_holly_flowers_001.JPG"
"Plant035","Ilex decidua","Deciduous holly","Aquifoliaceae","Holly Family","true","","tree","ILDE","http://en.wikipedia.org/wiki/Ilex_decidua","http://upload.wikimedia.org/wikipedia/commons/7/74/Ilex_decidua_%28USDA%29.jpg","MPF","http://commons.wikimedia.org/wiki/File:Ilex_decidua_(USDA).jpg"
"Plant036","Arisaema dracontium","Green dragon","Araceae","Arum Family","true","","","ARDR3","http://en.wikipedia.org/wiki/Arisaema_dracontium","noUrl","noUrl","noUrl"
"Plant037","Arum italicum","Italian arum","Araceae","Arum Family","false","","","ARIT","http://en.wikipedia.org/wiki/Arum_italicum","http://upload.wikimedia.org/wikipedia/commons/9/96/Araceae_-_Arum_italicum.JPG","Ettore Balocchi","http://commons.wikimedia.org/wiki/File:Araceae_-_Arum_italicum.JPG"
"Plant038","Arisaema triphyllum","Jack-in-the-pulpit","Araceae","Arum Family","true","","","ARTRP","http://en.wikipedia.org/wiki/Arisaema_triphyllum","http://upload.wikimedia.org/wikipedia/commons/3/3b/Arisaema_triphyllum_WPC.jpg","WayneRay","http://commons.wikimedia.org/wiki/File:Arisaema_triphyllum_WPC.jpg"
"Plant039","Hedera helix","English ivy","Araliaceae","Aralia Family","false","invasive","vine","HEHEC","http://en.wikipedia.org/wiki/Hedera_helix","http://upload.wikimedia.org/wikipedia/commons/0/0f/Autumn_Leaves_and_Ivy.jpg","Überraschungsbilder","http://commons.wikimedia.org/wiki/File:Autumn_Leaves_and_Ivy.jpg"
"Plant040","Aralia spinosa","Hercules club","Araliaceae","Aralia Family","true","","","ARSP2","http://en.wikipedia.org/wiki/Aralia_spinosa","noUrl","noUrl","noUrl"
"Plant041","Asarum canadense","Wild ginger","Aristolochiaceae","Birthwort Family","true","","","ASCA","http://en.wikipedia.org/wiki/Asarum_canadense","http://upload.wikimedia.org/wikipedia/commons/a/ae/Asarum_canadense.jpg","Earthdirt","http://commons.wikimedia.org/wiki/File:Asarum_canadense.jpg"
"Plant042","Cynanchum laeve","Bluevine","Asclepiadaceae","Milkweed Family","","","","CYLA","http://en.wikipedia.org/wiki/Cynanchum_laeve","noUrl","noUrl","noUrl"
"Plant043","Matelea carolinensis","Carolina climbing milkweed","Asclepiadaceae","Milkweed Family","true","","","MACA9","no Url","noUrl","noUrl","noUrl"
"Plant044","Matelea gonocarpos","Climbing milkweed","Asclepiadaceae","Milkweed Family","true","","","MAGO","no Url","noUrl","noUrl","noUrl"
"Plant045","Aster sagittifolius","Aster, arrow-leaved","Asteraceae","Sunflower Family","","","","SYCO4","no Url","noUrl","noUrl","noUrl"
"Plant046","Aster pilosus","Aster, frost","Asteraceae","Sunflower Family","","","flower","SYDE2","http://en.wikipedia.org/wiki/Aster_pilosus","noUrl","noUrl","noUrl"
"Plant047","Aster simplex","Aster, lowland","Asteraceae","Sunflower Family","","","","SYLAI3","no Url","noUrl","noUrl","noUrl"
"Plant048","Aster lateriflorus","Aster, side-flowered","Asteraceae","Sunflower Family","true","","flower","SYLAA","http://en.wikipedia.org/wiki/Aster_lateriflorus","http://upload.wikimedia.org/wikipedia/commons/d/db/Aster_lateriflorus.png","SB Johnny","http://commons.wikimedia.org/wiki/File:Aster_lateriflorus.png"
"Plant049","Aster exilis","Aster, slender","Asteraceae","Sunflower Family","","","","SYDI2","no Url","noUrl","noUrl","noUrl"
"Plant050","Polymnia uvedalia","Bear’s-foot","Asteraceae","Sunflower Family","","","","SMUV","no Url","noUrl","noUrl","noUrl"
"Plant051","Senecio glabellus","Butter-weed","Asteraceae","Sunflower Family","","","","PAGL17","http://en.wikipedia.org/wiki/Senecio_glabellus","noUrl","noUrl","noUrl"
"Plant052","Pluchea camphorata","Camphor-weed","Asteraceae","Sunflower Family","","","","PLCA7","no Url","noUrl","noUrl","noUrl"
"Plant053","Mikania scandens","Climbing hempweed","Asteraceae","Sunflower Family","","","","MISC","no Url","http://upload.wikimedia.org/wikipedia/commons/d/d4/Starr_031108-0005_Mikania_scandens.jpg","BotMultichillT","http://commons.wikimedia.org/wiki/File:Starr_031108-0005_Mikania_scandens.jpg"
"Plant054","Polymnia uvedalia","Cut-leaf coneflower","Asteraceae","Sunflower Family","true","","","SMUV","no Url","noUrl","noUrl","noUrl"
"Plant055","Taraxacum officinale","Dandelion","Asteraceae","Sunflower Family","","","","TAOFC","no Url","noUrl","noUrl","noUrl"
"Plant056","Elephantopus carolinianus","Elephant-foot","Asteraceae","Sunflower Family","","","","ELCA3","no Url","noUrl","noUrl","noUrl"
"Plant057","Boltonia asteroides (L.) L'Her. var. recognita (Fernald & Grisc.) Cronquist","False aster","Asteraceae","Sunflower Family","","","","BOASR","no Url","noUrl","noUrl","noUrl"
"Plant058","Erechtites hieracifolia","Fireweed","Asteraceae","Sunflower Family","","","","ERHI2","http://en.wikipedia.org/wiki/Erechtites_hieracifolia","http://upload.wikimedia.org/wikipedia/commons/3/3f/Erechtites_hieracifolia.JPG","Dalgial","http://commons.wikimedia.org/wiki/File:Erechtites_hieracifolia.JPG"
"Plant059","Erigeron annuus","Fleabane, annual","Asteraceae","Sunflower Family","","","","ERAN","http://en.wikipedia.org/wiki/Erigeron_annuus","http://upload.wikimedia.org/wikipedia/commons/4/46/Erigeron-annuus01.jpg","Franz Xaver","http://commons.wikimedia.org/wiki/File:Erigeron-annuus01.jpg"
"Plant060","Erigeron philadelphicus","Fleabane, Philadelphia","Asteraceae","Sunflower Family","","","","ERPHP","http://en.wikipedia.org/wiki/Erigeron_philadelphicus","http://upload.wikimedia.org/wikipedia/commons/c/cc/Erigeron-philadelphicus01.jpg","Franz Xaver","http://commons.wikimedia.org/wiki/File:Erigeron-philadelphicus01.jpg"
"Plant061","Erigeron strigosus","Fleabane, prairie","Asteraceae","Sunflower Family","","","","ERSTB","http://en.wikipedia.org/wiki/Erigeron_strigosus","noUrl","noUrl","noUrl"
"Plant062","Solidago canadensis","Goldenrod, Canada","Asteraceae","Sunflower Family","true","","","SOAL6","http://en.wikipedia.org/wiki/Solidago_canadensis","http://upload.wikimedia.org/wikipedia/commons/f/f6/Aosujiageha_06f7404qv.jpg","Cory","http://commons.wikimedia.org/wiki/File:Aosujiageha_06f7404qv.jpg"
"Plant063","Solidago rugosa","Goldenrod, rough-leaved","Asteraceae","Sunflower Family","true","","","SORUA","http://en.wikipedia.org/wiki/Solidago_rugosa","http://upload.wikimedia.org/wikipedia/commons/d/dd/Solidago_rugosa01.jpg","JoJan","http://commons.wikimedia.org/wiki/File:Solidago_rugosa01.jpg"
"Plant064","Solidago caesia","Goldenrod, woodland","Asteraceae","Sunflower Family","true","","","SOCA4","http://en.wikipedia.org/wiki/Solidago_caesia","http://upload.wikimedia.org/wikipedia/commons/9/9b/Solidago_caesia01.jpg","JoJan","http://commons.wikimedia.org/wiki/File:Solidago_caesia01.jpg"
"Plant065","Eupatorium serotinum","Late boneset","Asteraceae","Sunflower Family","","","","EUSE2","http://en.wikipedia.org/wiki/Eupatorium_serotinum","http://upload.wikimedia.org/wikipedia/commons/d/d7/Eupatorium_serotinum.jpg","Kingdon","http://commons.wikimedia.org/wiki/File:Eupatorium_serotinum.jpg"
"Plant066","Conyza canadensis","Mare’s-tail","Asteraceae","Sunflower Family","","","","COCAC3","http://en.wikipedia.org/wiki/Conyza_canadensis","http://upload.wikimedia.org/wikipedia/commons/2/26/Asteroideae_spp_Sturm10.jpg","Finavon","http://commons.wikimedia.org/wiki/File:Asteroideae_spp_Sturm10.jpg"
"Plant067","Eupatorium incarnatum","Pink thoroughwort","Asteraceae","Sunflower Family","","","","FLIN2","no Url","noUrl","noUrl","noUrl"
"Plant068","Ambrosia artemisiifolia","Ragweed , common","Asteraceae","Sunflower Family","","","","AMARA2","http://en.wikipedia.org/wiki/Ambrosia_artemisiifolia","http://upload.wikimedia.org/wikipedia/commons/f/f2/Ambrosia_artemesifolia_WPC.jpg","WayneRay","http://commons.wikimedia.org/wiki/File:Ambrosia_artemesifolia_WPC.jpg"
"Plant069","Ambrosia trifida","Ragweed, giant","Asteraceae","Sunflower Family","","","","AMTRT","http://en.wikipedia.org/wiki/Ambrosia_trifida","http://upload.wikimedia.org/wikipedia/commons/3/31/533_Ambrosia_trifida.jpg","Dim Grits","http://commons.wikimedia.org/wiki/File:533_Ambrosia_trifida.jpg"
"Plant070","Sonchus oleraceus","Sow thistle, Common","Asteraceae","Sunflower Family","","","","SOOL","http://en.wikipedia.org/wiki/Sonchus_oleraceus","http://upload.wikimedia.org/wikipedia/commons/2/23/2006-11-16Sonchus_oleraceus01.jpg","Wildfeuer","http://commons.wikimedia.org/wiki/File:2006-11-16Sonchus_oleraceus01.jpg"
"Plant071","Sonchus asper","Sow thistle, Spiny","Asteraceae","Sunflower Family","","","","SOAS","http://en.wikipedia.org/wiki/Sonchus_asper","http://upload.wikimedia.org/wikipedia/commons/0/0a/Gekroesde_melkdistel_17-06-2006_10.02.40.JPG","TeunSpaans","http://commons.wikimedia.org/wiki/File:Gekroesde_melkdistel_17-06-2006_10.02.40.JPG"
"Plant072","Bidens bipinnata","Spanish needles","Asteraceae","Sunflower Family","","","","BIBI7","no Url","http://upload.wikimedia.org/wikipedia/commons/0/0d/Bidens_bipinnata.JPG","Dalgial","http://commons.wikimedia.org/wiki/File:Bidens_bipinnata.JPG"
"Plant073","Verbesina virginica","White crownbeard","Asteraceae","Sunflower Family","","","","VEVIL","no Url","noUrl","noUrl","noUrl"
"Plant074","Eupatorium rugosum","White snake-root","Asteraceae","Sunflower Family","true","","flower","AGALA","http://en.wikipedia.org/wiki/Eupatorium_rugosum","noUrl","noUrl","noUrl"
"Plant075","Lactuca biennis","Wild lettuce, biennial","Asteraceae","Sunflower Family","","","","LABI","http://en.wikipedia.org/wiki/Lactuca_biennis","noUrl","noUrl","noUrl"
"Plant076","Lactuca canadensis","Wild lettuce, Canada","Asteraceae","Sunflower Family","","","","LACA","http://en.wikipedia.org/wiki/Lactuca_canadensis","noUrl","noUrl","noUrl"
"Plant077","Impatiens capensis","Jewelweed","Balsaminaceae","Balsam Family","true","","","IMCA","http://en.wikipedia.org/wiki/Impatiens_capensis","http://upload.wikimedia.org/wikipedia/commons/b/b0/Impatiens_capensis.jpg","TeunSpaans","http://commons.wikimedia.org/wiki/File:Impatiens_capensis.jpg"
"Plant078","Mahonia bealei","Mahonia","Berberidaceae","Barberry Family","","","","MABE2","no Url","noUrl","noUrl","noUrl"
"Plant079","Nandina domestica","Nandina","Berberidaceae","Barberry Family","false","","","NADO","http://en.wikipedia.org/wiki/Nandina_domestica","http://upload.wikimedia.org/wikipedia/commons/c/c6/Changnyeong_Nandina_domestica.jpg","Visviva","http://commons.wikimedia.org/wiki/File:Changnyeong_Nandina_domestica.jpg"
"Plant080","Podophyllum peltatum","May-apple","Berberidaceae","Barberry Family","true","","herb","POPE","http://en.wikipedia.org/wiki/Podophyllum_peltatum","http://upload.wikimedia.org/wikipedia/commons/4/4a/Mayapple%2C_Northern_Virginia_01.jpg","Abohm","http://commons.wikimedia.org/wiki/File:Mayapple,_Northern_Virginia_01.jpg"
"Plant081","Carpinus caroliniana","American hornbeam","Betulaceae","Birch Family","true","","","CACAC2","http://en.wikipedia.org/wiki/Carpinus_caroliniana","http://upload.wikimedia.org/wikipedia/commons/3/32/American_Hornbeam_Bark_500.jpg","Ram-Man","http://commons.wikimedia.org/wiki/File:American_Hornbeam_Bark_500.jpg"
"Plant082","Corylus americana","Hazelnut","Betulaceae","Birch Family","true","","","COAM3","http://en.wikipedia.org/wiki/Corylus_americana","http://upload.wikimedia.org/wikipedia/commons/b/b6/Corylus_americana0.jpg","MPF","http://commons.wikimedia.org/wiki/File:Corylus_americana0.jpg"
"Plant083","Ostrya virginiana","Hophorn beam","Betulaceae","Birch Family","","","","OSVIC","http://en.wikipedia.org/wiki/Ostrya_virginiana","http://upload.wikimedia.org/wikipedia/commons/4/4f/Ostrya_virginiana.jpg","MPF","http://commons.wikimedia.org/wiki/File:Ostrya_virginiana.jpg"
"Plant084","Betula nigra","River birch","Betulaceae","Birch Family","true","","","BENI","http://en.wikipedia.org/wiki/Betula_nigra","http://upload.wikimedia.org/wikipedia/commons/d/da/-_Betula_nigra_%E2%80%93_Bark_-.jpg","Nino Barbieri","http://commons.wikimedia.org/wiki/File:-_Betula_nigra_%E2%80%93_Bark_-.jpg"
"Plant085","Bignonia capreolata","Cross-vine","Bignoniaceae","Bignonia Family","true","","vine","BICA","http://en.wikipedia.org/wiki/Bignonia_capreolata","http://upload.wikimedia.org/wikipedia/commons/b/be/Bignonia_capreolata_1.jpg","Stan Shebs","http://commons.wikimedia.org/wiki/File:Bignonia_capreolata_1.jpg"
"Plant086","Campsis radicans","Trumpet creeper","Bignoniaceae","Bignonia Family","true","","vine","CARA2","http://en.wikipedia.org/wiki/Campsis_radicans","http://upload.wikimedia.org/wikipedia/commons/8/8c/1834_-_Salzburg_-_Mirabellgarten_-_Flowers.JPG","Thisisbossi","http://commons.wikimedia.org/wiki/File:1834_-_Salzburg_-_Mirabellgarten_-_Flowers.JPG"
"Plant087","Catalpa speciosa","Catalpa","Bignoniaceae","Bignonia Family","true","","tree","CASP8","http://en.wikipedia.org/wiki/Catalpa_speciosa","http://upload.wikimedia.org/wikipedia/commons/1/14/CatalpaSpeciosa01_gobeirne.jpg","Gobeirne","http://commons.wikimedia.org/wiki/File:CatalpaSpeciosa01_gobeirne.jpg"
"Plant088","Paulownia tomentosa","Princess tree","Bignoniaceae","Bignonia Family","false","invasive","tree","PATO2","no Url","noUrl","noUrl","noUrl"
"Plant089","Cynoglossum virginianum","Hound’s tongue","Boraginaceae","Borage Family","true","","","CYVIB","no Url","noUrl","noUrl","noUrl"
"Plant090","Lepidium virginicum","Common peppergrass","Brassicaceae","Mustard Family","true","","","LEVIM","http://en.wikipedia.org/wiki/Lepidium_virginicum","http://upload.wikimedia.org/wikipedia/commons/c/c0/Lepidium_virginicum%2C_old.jpg","Tauʻolunga","http://commons.wikimedia.org/wiki/File:Lepidium_virginicum,_old.jpg"
"Plant091","Capsella bursa-pastoris","Shepherd’s purse","Brassicaceae","Mustard Family","","","","CABU2","http://en.wikipedia.org/wiki/Capsella_bursa-pastoris","http://upload.wikimedia.org/wikipedia/commons/1/15/Albugo_candida.jpg","Snek01","http://commons.wikimedia.org/wiki/File:Albugo_candida.jpg"
"Plant092","Cardamine bulbosa","Spring cress","Brassicaceae","Mustard Family","","","","CABU3","http://en.wikipedia.org/wiki/Cardamine_bulbosa","noUrl","noUrl","noUrl"
"Plant093","Cardamine hirsuta","Spring cress","Brassicaceae","Mustard Family","","","","CAFL14","http://en.wikipedia.org/wiki/Cardamine_hirsuta","http://upload.wikimedia.org/wikipedia/commons/0/0a/Cahi3_001_lvd.jpg","Qualia","http://commons.wikimedia.org/wiki/File:Cahi3_001_lvd.jpg"
"Plant094","Dentaria laciniata","Toothwort","Brassicaceae","Mustard Family","","","","CACO26","http://en.wikipedia.org/wiki/Dentaria_laciniata","noUrl","noUrl","noUrl"
"Plant095","Campanula americana","American bellflower","Campanulaceae","Harebell Family","true","","","CAAM18","http://en.wikipedia.org/wiki/Campanula_americana","http://upload.wikimedia.org/wikipedia/commons/b/b0/Campanula_americana3737869481.jpg","File Upload Bot (Magnus Manske)","http://commons.wikimedia.org/wiki/File:Campanula_americana3737869481.jpg"
"Plant096","Triodanis perfoliata (L.) Nieuwl. var. biflora (Ruiz & Pav.) Bradley","Venus’ looking-glass","Campanulaceae","Harebell Family","","","","TRBI2","no Url","noUrl","noUrl","noUrl"
"Plant097","Symphoricarpos orbiculatus","Coralberry","Caprifoliaceae","Honeysuckle Family","","","","SYOR","http://en.wikipedia.org/wiki/Symphoricarpos_orbiculatus","http://upload.wikimedia.org/wikipedia/commons/a/ae/Coralberries.JPG","Dehaan","http://commons.wikimedia.org/wiki/File:Coralberries.JPG"
"Plant098","Sambucus canadensis","Elderberry","Caprifoliaceae","Honeysuckle Family","true","","","SANIC4","http://en.wikipedia.org/wiki/Sambucus_canadensis","http://upload.wikimedia.org/wikipedia/commons/8/8c/Quality_images_logo.svg","Mrmariokartguy","http://commons.wikimedia.org/wiki/File:Quality_images_logo.svg"
"Plant099","Lonicera sempervirens","Honeysuckle, coral","Caprifoliaceae","Honeysuckle Family","true","","vine","LOSE","http://en.wikipedia.org/wiki/Lonicera_sempervirens","http://upload.wikimedia.org/wikipedia/commons/3/35/Lonicera_sempervirens.jpg","FlickrLickr","http://commons.wikimedia.org/wiki/File:Lonicera_sempervirens.jpg"
"Plant100","Lonicera japonica","Honeysuckle, Japanese","Caprifoliaceae","Honeysuckle Family","false","invasive","vine","LOJA","http://en.wikipedia.org/wiki/Lonicera_japonica","http://upload.wikimedia.org/wikipedia/commons/d/d3/Lonicera_Japonica_%28polynesia%29.jpg","Tauʻolunga","http://commons.wikimedia.org/wiki/File:Lonicera_Japonica_(polynesia).jpg"
"Plant101","Viburnum rufidulum","Southern black haw","Caprifoliaceae","Honeysuckle Family","true","","vine","VIRU","http://en.wikipedia.org/wiki/Viburnum_rufidulum","http://upload.wikimedia.org/wikipedia/commons/0/0f/Viburnum_rufidulum_foliage.jpg","MPF","http://commons.wikimedia.org/wiki/File:Viburnum_rufidulum_foliage.jpg"
"Plant102","Lonicera tatarica","Tartarian honeysuckle","Caprifoliaceae","Honeysuckle Family","false","","vine","LOTAM","no Url","noUrl","noUrl","noUrl"
"Plant103","Stellaria media","Chickweed, common","Caryophyllaceae","Pink Family","","","","STMEM","http://en.wikipedia.org/wiki/Stellaria_media","http://upload.wikimedia.org/wikipedia/commons/b/b7/Chickweed_%28aka%29.jpg","Aka","http://commons.wikimedia.org/wiki/File:Chickweed_(aka).jpg"
"Plant104","Cerastium nutans","Chickweed, mouse-eared","Caryophyllaceae","Pink Family","","","","CEBR3","no Url","noUrl","noUrl","noUrl"
"Plant105","Silene stellata","Starry campion","Caryophyllaceae","Pink Family","","","","SIST","http://en.wikipedia.org/wiki/Silene_stellata","http://upload.wikimedia.org/wikipedia/commons/9/9b/Silene_stellata_flowers.jpg","PDH","http://commons.wikimedia.org/wiki/File:Silene_stellata_flowers.jpg"
"Plant106","Euonymus alatus","Burning bush","Celastraceae","Staff-tree Family","","","","EUALA2","http://en.wikipedia.org/wiki/Euonymus_alatus","http://upload.wikimedia.org/wikipedia/commons/7/73/Euonymous_alatus.jpg","CommonismNow","http://commons.wikimedia.org/wiki/File:Euonymous_alatus.jpg"
"Plant107","Euonymus fortunei","Creeping euonymus","Celastraceae","Staff-tree Family","false","invasive","","EUFOF","http://en.wikipedia.org/wiki/Euonymus_fortunei","http://upload.wikimedia.org/wikipedia/commons/8/80/EuanymusEmeraldGaityWPC.jpg","WayneRay","http://commons.wikimedia.org/wiki/File:EuanymusEmeraldGaityWPC.jpg"
"Plant108","Euonymus americanus","Hearts-a-bursting","Celastraceae","Staff-tree Family","","","","EUAM9","http://en.wikipedia.org/wiki/Euonymus_americanus","http://upload.wikimedia.org/wikipedia/commons/5/58/Euonymus_americanus_1.JPG","Rotatebot","http://commons.wikimedia.org/wiki/File:Euonymus_americanus_1.JPG"
"Plant109","Celastrus orbiculatus","Oriental bittersweet","Celastraceae","Staff-tree Family","false","invasive","","CEOR7","http://en.wikipedia.org/wiki/Celastrus_orbiculatus","http://upload.wikimedia.org/wikipedia/commons/b/b0/Celastrus_orbiculatus.jpg","Roo72","http://commons.wikimedia.org/wiki/File:Celastrus_orbiculatus.jpg"
"Plant110","Chenopodium album","Lamb’s quarters","Chenopodiaceae","Goosefoot Family","","","","CHALA","http://en.wikipedia.org/wiki/Chenopodium_album","http://upload.wikimedia.org/wikipedia/commons/3/3e/351_Chenopodium_album.jpg","Dim Grits","http://commons.wikimedia.org/wiki/File:351_Chenopodium_album.jpg"
"Plant111","Chenopodium ambrosioides","Mexican tea","Chenopodiaceae","Goosefoot Family","","","","CHAMA16","http://en.wikipedia.org/wiki/Chenopodium_ambrosioides","noUrl","noUrl","noUrl"
"Plant112","Commelina communis","Common dayflower","Commelinaceae","Spiderwort Family","","","","COCO3","http://en.wikipedia.org/wiki/Commelina_communis","http://upload.wikimedia.org/wikipedia/commons/8/82/C.communis_after_rain.jpg","EricM","http://commons.wikimedia.org/wiki/File:C.communis_after_rain.jpg"
"Plant113","Commelina diffusa","Diffuse dayflower","Commelinaceae","Spiderwort Family","","","","CODID3","http://en.wikipedia.org/wiki/Commelina_diffusa","http://upload.wikimedia.org/wikipedia/commons/b/bc/Commelina_diffusa_pollinator_Layton_171_XTBG.JPG","Djlayton4","http://commons.wikimedia.org/wiki/File:Commelina_diffusa_pollinator_Layton_171_XTBG.JPG"
"Plant114","Ipomoea purpurea","Common morning-glory","Convolvulaceae","Morning-glory Family","","","","IPPU2","http://en.wikipedia.org/wiki/Ipomoea_purpurea","http://upload.wikimedia.org/wikipedia/commons/c/c8/2006-10-18Ipomoea_purpurea01.jpg","Wildfeuer","http://commons.wikimedia.org/wiki/File:2006-10-18Ipomoea_purpurea01.jpg"
"Plant115","Dichondra carolinensis","Dichondra","Convolvulaceae","Morning-glory Family","","","","DICA3","no Url","noUrl","noUrl","noUrl"
"Plant116","Cuscuta gronovii","Dodder","Convolvulaceae","Morning-glory Family","","","","CUGRC","no Url","noUrl","noUrl","noUrl"
"Plant117","Cornus florida","Dogwood, flowering","Cornaceae","Dogwood Family","true","","tree","COFL2","http://en.wikipedia.org/wiki/Cornus_florida","http://upload.wikimedia.org/wikipedia/commons/5/58/Benthamidia_florida1.jpg","KENPEI","http://commons.wikimedia.org/wiki/File:Benthamidia_florida1.jpg"
"Plant118","Cornus drummondii","Dogwood, rough-leaved","Cornaceae","Dogwood Family","true","","tree","CODR","http://en.wikipedia.org/wiki/Cornus_drummondii","http://upload.wikimedia.org/wikipedia/commons/2/20/Cornus_drummondii1.jpg","Fanghong","http://commons.wikimedia.org/wiki/File:Cornus_drummondii1.jpg"
"Plant119","Cornus foemina","Dogwood, stiff","Cornaceae","Dogwood Family","true","","tree","COAS2","no Url","http://upload.wikimedia.org/wikipedia/commons/2/21/Cornus_foemina_BrittonBrown.png","Dietzel","http://commons.wikimedia.org/wiki/File:Cornus_foemina_BrittonBrown.png"
"Plant120","Citrullus vulgaris","Watermelon","Cucurbitaceae","Cucumber Family","false","","","CILAC","http://en.wikipedia.org/wiki/Citrullus_vulgaris","noUrl","noUrl","noUrl"
"Plant121","Melothria pendula","Creeping cucumber","Cucurbitaceae","Cucumber Family","true","","","MEPEA","no Url","noUrl","noUrl","noUrl"
"Plant122","Cyperus rotundus","Flat-sedge, round","Cyperaceae","Sedge Family","","","","CYRO","http://en.wikipedia.org/wiki/Cyperus_rotundus","http://upload.wikimedia.org/wikipedia/commons/e/e6/Cyperus_rotundus_-_Kourou.jpg","Arria Belli","http://commons.wikimedia.org/wiki/File:Cyperus_rotundus_-_Kourou.jpg"
"Plant123","Cyperus densicaespitosus","Flat-sedge, sweet-scented","Cyperaceae","Sedge Family","","","","KYPU","no Url","noUrl","noUrl","noUrl"
"Plant124","Carex leavenworthii","Sedge","Cyperaceae","Sedge Family","","","","CALE6","no Url","noUrl","noUrl","noUrl"
"Plant125","Carex oligocarpa","Sedge","Cyperaceae","Sedge Family","","","","CAOL2","no Url","noUrl","noUrl","noUrl"
"Plant126","Carex oxylepis","Sedge","Cyperaceae","Sedge Family","","","","CAOXO","no Url","noUrl","noUrl","noUrl"
"Plant127","Carex pensylvanica","Sedge","Cyperaceae","Sedge Family","","","","CAINH2","http://en.wikipedia.org/wiki/Carex_pensylvanica","noUrl","noUrl","noUrl"
"Plant128","Carex rosea","Sedge","Cyperaceae","Sedge Family","","","","CARA8","no Url","noUrl","noUrl","noUrl"
"Plant129","Carex texensis","Sedge","Cyperaceae","Sedge Family","","","","CATE7","no Url","noUrl","noUrl","noUrl"
"Plant130","Dioscorea batatas","Yam, Chinese","Dioscoreaceae","Yam Family","false","","","DIOP","http://en.wikipedia.org/wiki/Dioscorea_batatas","noUrl","noUrl","noUrl"
"Plant131","Dioscorea quaternata","Yam, wild","Dioscoreaceae","Yam Family","","","","DIQU","no Url","noUrl","noUrl","noUrl"
"Plant132","Diospyros virginiana","Persimmon","Ebenaceae","Ebony Family","","","","DIVI5","http://en.wikipedia.org/wiki/Diospyros_virginiana","http://upload.wikimedia.org/wikipedia/commons/f/f0/Americanpersimmonbotanicalb.jpg","BetacommandBot","http://commons.wikimedia.org/wiki/File:Americanpersimmonbotanicalb.jpg"
"Plant133","Elaeagnus pungens","Autumn olive","Elaeagnaceae","Oleaster Family","","","","ELPU2","no Url","http://upload.wikimedia.org/wikipedia/commons/1/12/Elaeagnus_pungens1.jpg","KENPEI","http://commons.wikimedia.org/wiki/File:Elaeagnus_pungens1.jpg"
"Plant134","Phyllanthus urinaria","Chamber bitter","Euphorbiaceae","Spurge Family","","","","PHUR","http://en.wikipedia.org/wiki/Phyllanthus_urinaria","noUrl","noUrl","noUrl"
"Plant135","Sapium sebiferum","Chinese tallow-tree","Euphorbiaceae","Spurge Family","false","invasive","","TRSE6","http://en.wikipedia.org/wiki/Sapium_sebiferum","http://upload.wikimedia.org/wikipedia/commons/6/66/ChineseTallowSeedpods.jpg","DanielCD","http://commons.wikimedia.org/wiki/File:ChineseTallowSeedpods.jpg"
"Plant136","Chamaesyce humistrata","Spurge","Euphorbiaceae","Spurge Family","","","","CHHU3","no Url","noUrl","noUrl","noUrl"
"Plant137","Acalypha rhomboidea","Three-seeded mercury","Euphorbiaceae","Spurge Family","","","","ACDE4","http://en.wikipedia.org/wiki/Acalypha_rhomboidea","http://upload.wikimedia.org/wikipedia/commons/a/aa/Acalypha_rhomboidea_001.JPG","SB Johnny","http://commons.wikimedia.org/wiki/File:Acalypha_rhomboidea_001.JPG"
"Plant138","Acalypha gracilens","Three-seeded mercury, slender","Euphorbiaceae","Spurge Family","","","","ACGR2","no Url","http://upload.wikimedia.org/wikipedia/commons/a/ae/Acalypha_gracilens_drawing.png","Tintazul","http://commons.wikimedia.org/wiki/File:Acalypha_gracilens_drawing.png"
"Plant139","Trifolium hybridum","Clover, alsike","Fabaceae","Bean family","","","","TRHY","http://en.wikipedia.org/wiki/Trifolium_hybridum","http://upload.wikimedia.org/wikipedia/commons/0/06/Salmonsens_konversationsleksikon_-_Foder-B%C3%A6lgplanter%2C_Foder-Gr%C3%A6sser.jpg","Ninjatacoshell","http://commons.wikimedia.org/wiki/File:Salmonsens_konversationsleksikon_-_Foder-B%C3%A6lgplanter,_Foder-Gr%C3%A6sser.jpg"
"Plant140","Trifolium campestre","Clover, low hop","Fabaceae","Bean family","","","","TRCAM","http://en.wikipedia.org/wiki/Trifolium_campestre","http://upload.wikimedia.org/wikipedia/commons/9/97/80_Trifolium_procumbens_L.jpg","Dim Grits","http://commons.wikimedia.org/wiki/File:80_Trifolium_procumbens_L.jpg"
"Plant141","Trifolium pratense","Clover, red","Fabaceae","Bean family","","","","TRPR2","http://en.wikipedia.org/wiki/Trifolium_pratense","http://upload.wikimedia.org/wikipedia/commons/a/a3/78_Trifolium_pratense_L.jpg","Dim Grits","http://commons.wikimedia.org/wiki/File:78_Trifolium_pratense_L.jpg"
"Plant142","Amphicarpaea bracteata","Hog peanut","Fabaceae","Bean family","","","","AMBRB","no Url","noUrl","noUrl","noUrl"
"Plant143","Pueraria lobata","Kudzu","Fabaceae","Bean family","false","invasive","vine","PUMOL","http://en.wikipedia.org/wiki/Pueraria_lobata","noUrl","noUrl","noUrl"
"Plant144","Kummerowia striata","Lespedeza, Japanese","Fabaceae","Bean family","false","","","KUST2","no Url","noUrl","noUrl","noUrl"
"Plant145","Robinia pseudoacacia","Locust, black","Fabaceae","Bean family","true","","tree","ROPS","http://en.wikipedia.org/wiki/Robinia_pseudoacacia","http://upload.wikimedia.org/wikipedia/commons/6/6d/Brosen_robinia_pseudoacacia1.jpg","Brosen","http://commons.wikimedia.org/wiki/File:Brosen_robinia_pseudoacacia1.jpg"
"Plant146","Gleditsia triacanthos","Locust, honey","Fabaceae","Bean family","true","","tree","GLTR","http://en.wikipedia.org/wiki/Gleditsia_triacanthos","http://upload.wikimedia.org/wikipedia/commons/0/03/2011-07-25_21-20-41-spines.jpg","ComputerHotline","http://commons.wikimedia.org/wiki/File:2011-07-25_21-20-41-spines.jpg"
"Plant147","Albizia julibrissin","Mimosa tree","Fabaceae","Bean family","","","tree","ALJU","http://en.wikipedia.org/wiki/Albizia_julibrissin","http://upload.wikimedia.org/wikipedia/commons/4/40/Albisi12.JPG","Penarc","http://commons.wikimedia.org/wiki/File:Albisi12.JPG"
"Plant148","Cercis canadensis","Redbud","Fabaceae","Bean family","true","","tree","CECAC","http://en.wikipedia.org/wiki/Cercis_canadensis","http://upload.wikimedia.org/wikipedia/commons/e/ee/American_Eastern_Redbud_Tree_%28Cercis_canadensis%29.jpg","File Upload Bot (Magnus Manske)","http://commons.wikimedia.org/wiki/File:American_Eastern_Redbud_Tree_(Cercis_canadensis).jpg"
"Plant149","Desmodium glutinosum","Tick trefoil, pointed","Fabaceae","Bean family","","","","DEGL5","no Url","noUrl","noUrl","noUrl"
"Plant150","Desmodium paniculatum","Tick trefoil, panicled","Fabaceae","Bean family","","","","DEPAE","http://en.wikipedia.org/wiki/Desmodium_paniculatum","http://upload.wikimedia.org/wikipedia/commons/b/b4/Desmodium_paniculatum.jpg","Eugene van der Pijll","http://commons.wikimedia.org/wiki/File:Desmodium_paniculatum.jpg"
"Plant151","Desmodium pauciflorum","Tick trefoil, white-flowered","Fabaceae","Bean family","","","","DEPA7","no Url","noUrl","noUrl","noUrl"
"Plant152","Vicia sativa","Vetch, common","Fabaceae","Bean family","","","","VISAA3","http://en.wikipedia.org/wiki/Vicia_sativa","http://upload.wikimedia.org/wikipedia/commons/7/71/85_Vicia_sativa_L.jpg","Dim Grits","http://commons.wikimedia.org/wiki/File:85_Vicia_sativa_L.jpg"
"Plant153","Cassia nictitans","Wild sensitive plant","Fabaceae","Bean family","","","flower","CHNIL","http://www.ct-botanical-society.org/galleries/chamaecristanict.html","noUrl","noUrl","noUrl"
"Plant154","Wisteria sinensis","Wisteria","Fabaceae","Bean family","false","","vine","WISI","http://en.wikipedia.org/wiki/Wisteria_sinensis","http://upload.wikimedia.org/wikipedia/commons/5/58/Blauwe_regen_bloemen_%28Wisteria_sinensis_%27Prolific%27%29.jpg","Rasbak","http://commons.wikimedia.org/wiki/File:Blauwe_regen_bloemen_(Wisteria_sinensis_%27Prolific%27).jpg"
"Plant155","Quercus velutina","Oak, black","Fagaceae","Beech Family","true","","tree","QUVE","http://en.wikipedia.org/wiki/Quercus_velutina","http://upload.wikimedia.org/wikipedia/commons/6/66/Quercus_velutina.jpg","MPF","http://commons.wikimedia.org/wiki/File:Quercus_velutina.jpg"
"Plant156","Quercus pagoda","Oak, cherrybark","Fagaceae","Beech Family","true","","tree","QUPA5","http://en.wikipedia.org/wiki/Quercus_pagoda","noUrl","noUrl","noUrl"
"Plant157","Quercus muehlenbergii","Oak, chinquapin","Fagaceae","Beech Family","true","","tree","QUMU","http://en.wikipedia.org/wiki/Quercus_muhlenbergii","noUrl","noUrl","noUrl"
"Plant158","Quercus rubra","Oak, northern red","Fagaceae","Beech Family","true","","tree","QURUA","http://en.wikipedia.org/wiki/Quercus_rubra","http://upload.wikimedia.org/wikipedia/commons/f/f3/Acorns_at_the_base_of_a_Red_Oak.png","MPF","http://commons.wikimedia.org/wiki/File:Acorns_at_the_base_of_a_Red_Oak.png"
"Plant159","Quercus palustris","Oak, pin (park)","Fagaceae","Beech Family","true","","tree","QUPA2","http://en.wikipedia.org/wiki/Quercus_palustris","http://upload.wikimedia.org/wikipedia/commons/8/8d/988TerraceBoulevardFall_%28Quercus_palustris%29.jpg","Rasbak","http://commons.wikimedia.org/wiki/File:988TerraceBoulevardFall_(Quercus_palustris).jpg"
"Plant160","Quercus stellata","Oak, post (park)","Fagaceae","Beech Family","true","","tree","QUBO2","http://en.wikipedia.org/wiki/Quercus_stellata","http://upload.wikimedia.org/wikipedia/commons/1/13/Quercus_stellata_%28USDA%29.jpg","MPF","http://commons.wikimedia.org/wiki/File:Quercus_stellata_(USDA).jpg"
"Plant161","Quercus shumardii","Oak, Shumard","Fagaceae","Beech Family","true","","tree","QUAC2","http://en.wikipedia.org/wiki/Quercus_shumardii","noUrl","noUrl","noUrl"
"Plant162","Quercus falcata","Oak, southern red","Fagaceae","Beech Family","true","","tree","QUFA","http://en.wikipedia.org/wiki/Quercus_falcata","http://upload.wikimedia.org/wikipedia/commons/6/69/Quercus_falcata_acorns.jpg","MPF","http://commons.wikimedia.org/wiki/File:Quercus_falcata_acorns.jpg"
"Plant163","Quercus nigra","Oak, water","Fagaceae","Beech Family","true","","tree","QUMAM2","http://en.wikipedia.org/wiki/Quercus_nigra","http://upload.wikimedia.org/wikipedia/commons/a/af/Quercus_nigra.jpg","Noles1984","http://commons.wikimedia.org/wiki/File:Quercus_nigra.jpg"
"Plant164","Quercus alba","Oak, white","Fagaceae","Beech Family","true","","tree","QUAL","http://en.wikipedia.org/wiki/Quercus_alba","http://upload.wikimedia.org/wikipedia/commons/5/50/Duke_Forest_fall_Oak_high.jpg","Dcrjsr","http://commons.wikimedia.org/wiki/File:Duke_Forest_fall_Oak_high.jpg"
"Plant165","Quercus phellos","Oak, willow","Fagaceae","Beech Family","true","","tree","QULA3","http://en.wikipedia.org/wiki/Quercus_phellos","http://upload.wikimedia.org/wikipedia/commons/8/8b/Quercus-phellos-USFWS.jpg","MPF","http://commons.wikimedia.org/wiki/File:Quercus-phellos-USFWS.jpg"
"Plant166","Geranium carolinianum","Carolina crane’s bill","Geraniaceae","Geranium Family","true","","","GEBI2","http://en.wikipedia.org/wiki/Geranium_carolinianum","noUrl","noUrl","noUrl"
"Plant167","Geranium maculatum","Wild geranium","Geraniaceae","Geranium Family","","","","GEMA","http://en.wikipedia.org/wiki/Geranium_maculatum","http://upload.wikimedia.org/wikipedia/commons/6/65/Brodziszek_plamisty_Geranium_maculatum.jpg","Radomil","http://commons.wikimedia.org/wiki/File:Brodziszek_plamisty_Geranium_maculatum.jpg"
"Plant168","Ginkgo biloba","Ginkgo","Ginkgoaceae","Ginkgo Family","false","","tree","GIBI2","http://en.wikipedia.org/wiki/Ginkgo_biloba","http://upload.wikimedia.org/wikipedia/commons/6/6b/Bl%C3%A4tter_des_Ginkgo.JPG","4028mdk09","http://commons.wikimedia.org/wiki/File:Bl%C3%A4tter_des_Ginkgo.JPG"
"Plant169","Liquidambar styraciflua","Sweetgum","Hamamelidaceae","Witch-hazel Family","true","","tree","LIST2","http://en.wikipedia.org/wiki/Liquidambar_styraciflua","http://upload.wikimedia.org/wikipedia/commons/b/be/AmericanSweetgumAutumnLeaves.jpg","Seglea","http://commons.wikimedia.org/wiki/File:AmericanSweetgumAutumnLeaves.jpg"
"Plant170","Aesculus pavia","Red buckeye","Hippocastanaceae","Horse Chestnut Family","true","","","AEPAF","http://en.wikipedia.org/wiki/Aesculus_pavia","http://upload.wikimedia.org/wikipedia/commons/6/67/Aesculus_discolor_Asa_Gray.jpg","Cygnis insignis","http://commons.wikimedia.org/wiki/File:Aesculus_discolor_Asa_Gray.jpg"
"Plant171","Hydrophyllum macrophyllum","Large leaf water leaf","Hydrophyllaceae","Water-leaf Family","","","","HYMA","no Url","noUrl","noUrl","noUrl"
"Plant172","Phacelia ranunculacea","Oceanblue phacelia","Hydrophyllaceae","Water-leaf Family","true","","flower","PHRA3","no Url","noUrl","noUrl","noUrl"
"Plant173","Carya cordiformis","Hickory, bitternut","Juglandaceae","Walnut Family","true","","tree","CACO15","http://en.wikipedia.org/wiki/Carya_cordiformis","http://upload.wikimedia.org/wikipedia/commons/d/d1/Bitternut-fruit.jpg","Eug","http://commons.wikimedia.org/wiki/File:Bitternut-fruit.jpg"
"Plant174","Carya tomentosa","Hickory, mockernut","Juglandaceae","Walnut Family","true","","tree","CAAL27","http://en.wikipedia.org/wiki/Carya_tomentosa","http://upload.wikimedia.org/wikipedia/commons/e/e7/Carya_tomentosa_nuts_USDA.jpg","MPF","http://commons.wikimedia.org/wiki/File:Carya_tomentosa_nuts_USDA.jpg"
"Plant175","Carya ovata","Hickory, shagbark","Juglandaceae","Walnut Family","true","","tree","CACA38","http://en.wikipedia.org/wiki/Carya_ovata","http://upload.wikimedia.org/wikipedia/commons/6/6b/Caov2_001_pvp.jpg","Melchoir","http://commons.wikimedia.org/wiki/File:Caov2_001_pvp.jpg"
"Plant176","Carya texana","Hickory, Texas","Juglandaceae","Walnut Family","true","","tree","CATE9","no Url","noUrl","noUrl","noUrl"
"Plant177","Carya illinoinensis","Pecan","Juglandaceae","Walnut Family","true","","tree","CAIL2","http://en.wikipedia.org/wiki/Carya_illinoensis","noUrl","noUrl","noUrl"
"Plant178","Juglans nigra","Back walnut","Juglandaceae","Walnut Family","true","","tree","JUNI","http://en.wikipedia.org/wiki/Juglans_nigra","http://upload.wikimedia.org/wikipedia/commons/7/79/Black_Walnut_Bark_Detail.JPG","MONGO","http://commons.wikimedia.org/wiki/File:Black_Walnut_Bark_Detail.JPG"
"Plant179","Juncus tenuis","Path rush","Juncaceae","Rush Family","","","","JUAN3","http://en.wikipedia.org/wiki/Juncus_tenuis","http://upload.wikimedia.org/wikipedia/commons/f/f1/Juncus.tenuis.2.jpg","Sarefo","http://commons.wikimedia.org/wiki/File:Juncus.tenuis.2.jpg"
"Plant180","Luzula multiflora","Wood-rush","Juncaceae","Rush Family","","","","LUBU","http://en.wikipedia.org/wiki/Luzula_multiflora","http://upload.wikimedia.org/wikipedia/commons/f/f3/Luzula.multiflora.2.jpg","Sarefo","http://commons.wikimedia.org/wiki/File:Luzula.multiflora.2.jpg"
"Plant181","Monarda fistulosa","Bee-balm","Lamiaceae","Mint Family","","","","MOBR2","http://en.wikipedia.org/wiki/Monarda_fistulosa","http://upload.wikimedia.org/wikipedia/commons/a/af/Monarda_fistulosa0.jpg","Topjabot","http://commons.wikimedia.org/wiki/File:Monarda_fistulosa0.jpg"
"Plant182","Perilla frutescens","Beefsteak plant","Lamiaceae","Mint Family","","","","PEFRC2","http://en.wikipedia.org/wiki/Perilla_frutescens","http://upload.wikimedia.org/wikipedia/commons/6/62/Green_shiso_perilla.jpg","Zeimusu","http://commons.wikimedia.org/wiki/File:Green_shiso_perilla.jpg"
"Plant183","Lamium maculatum","Deadnettle, spotted","Lamiaceae","Mint Family","","","","LAMA","http://en.wikipedia.org/wiki/Lamium_maculatum","http://upload.wikimedia.org/wikipedia/commons/6/65/Gefleckte_Taubnessel.jpg","ArtMechanic","http://commons.wikimedia.org/wiki/File:Gefleckte_Taubnessel.jpg"
"Plant184","Lamium purpureum","Deadnettle, purple","Lamiaceae","Mint Family","","","","LAPUI","http://en.wikipedia.org/wiki/Lamium_purpureum","http://upload.wikimedia.org/wikipedia/commons/6/68/95_Lamium_album%2C_L._purpureum.jpg","Dim Grits","http://commons.wikimedia.org/wiki/File:95_Lamium_album,_L._purpureum.jpg"
"Plant185","Glechoma hederacea L. var. micrantha Moric.","Ground ivy","Lamiaceae","Mint Family","false","","","GLHE2","no Url","noUrl","noUrl","noUrl"
"Plant186","Lamium amplexicaule","Henbit","Lamiaceae","Mint Family","","","","LAAM","http://en.wikipedia.org/wiki/Lamium_amplexicaule","http://upload.wikimedia.org/wikipedia/commons/0/0f/Hotokenoza.jpg","Maksim","http://commons.wikimedia.org/wiki/File:Hotokenoza.jpg"
"Plant187","Salvia lyrata","Lyre-leaf sage","Lamiaceae","Mint Family","","","","SALY2","http://en.wikipedia.org/wiki/Salvia_lyrata","http://upload.wikimedia.org/wikipedia/commons/c/c5/Salvia_lyrata_USDA.jpg","MPF","http://commons.wikimedia.org/wiki/File:Salvia_lyrata_USDA.jpg"
"Plant188","Prunella vulgaris","Self-heal","Lamiaceae","Mint Family","","","","PRVUA","http://en.wikipedia.org/wiki/Prunella_vulgaris","http://upload.wikimedia.org/wikipedia/commons/7/73/Gardenology.org-IMG_2829_rbgs11jan.jpg","RaffiKojian","http://commons.wikimedia.org/wiki/File:Gardenology.org-IMG_2829_rbgs11jan.jpg"
"Plant189","Sassafras albidum","Sassafras","Lauraceae","Laurel Family","true","","tree","SAAL5","http://en.wikipedia.org/wiki/Sassafras_albidum","http://upload.wikimedia.org/wikipedia/commons/1/1a/Albidum.JPEG","Angusmclellan","http://commons.wikimedia.org/wiki/File:Albidum.JPEG"
"Plant190","Lindera benzoin","Spicebush","Lauraceae","Laurel Family","true","","","LIBEB","http://en.wikipedia.org/wiki/Lindera_benzoin","http://upload.wikimedia.org/wikipedia/commons/8/87/Lindera_benzoin.jpg","IvanTortuga","http://commons.wikimedia.org/wiki/File:Lindera_benzoin.jpg"
"Plant191","Hemerocallis fulva","Daylily","Liliaceae","Lily Family","","","","HEFU","http://en.wikipedia.org/wiki/Hemerocallis_fulva","http://upload.wikimedia.org/wikipedia/commons/b/b0/Day-lily.jpg","IvanTortuga","http://commons.wikimedia.org/wiki/File:Day-lily.jpg"
"Plant192","Uvularia grandiflora","Large-flowered bellwort","Liliaceae","Lily Family","","","","UVGR","http://en.wikipedia.org/wiki/Uvularia_grandiflora","http://upload.wikimedia.org/wikipedia/commons/8/8f/Bellwort.jpg","CarolSpears","http://commons.wikimedia.org/wiki/File:Bellwort.jpg"
"Plant193","Liriope muscari","Liriope","Liliaceae","Lily Family","","invasive","","LIEX2","http://en.wikipedia.org/wiki/Liriope_muscari","http://upload.wikimedia.org/wikipedia/commons/b/be/Liriope_muscari1.jpg","KENPEI","http://commons.wikimedia.org/wiki/File:Liriope_muscari1.jpg"
"Plant194","Ophiopogon japonicus","Mondo grass","Liliaceae","Lily Family","","invasive","","OPJA","http://en.wikipedia.org/wiki/Ophiopogon_japonicus","http://upload.wikimedia.org/wikipedia/commons/e/ee/20040413_Ophiopogon_japonicus.JPG","Loveless","http://commons.wikimedia.org/wiki/File:20040413_Ophiopogon_japonicus.JPG"
"Plant195","Narcissus pseudonarcissus","Narcissus","Liliaceae","Lily Family","","","","NAPS","no Url","noUrl","noUrl","noUrl"
"Plant196","Narcissus poeticus","Poet’s narcissus","Liliaceae","Lily Family","","","","NAPO","http://en.wikipedia.org/wiki/Narcissus_poeticus","http://upload.wikimedia.org/wikipedia/commons/7/70/Gc24_narcissus_pseudonarcissus_and_poeticus.jpg","U3001","http://commons.wikimedia.org/wiki/File:Gc24_narcissus_pseudonarcissus_and_poeticus.jpg"
"Plant197","Polygonatum biflorum","Solomon’s seal","Liliaceae","Lily Family","","","","POBIB4","http://en.wikipedia.org/wiki/Polygonatum_biflorum","noUrl","noUrl","noUrl"
"Plant198","Smilacina racemosa","Solomon’s seal, false","Liliaceae","Lily Family","","","","MARAA","http://en.wikipedia.org/wiki/Smilacina_racemosa","noUrl","noUrl","noUrl"
"Plant199","Ornithogalum umbellatum","Star of Bethlehem","Liliaceae","Lily Family","","","","ORUM","http://en.wikipedia.org/wiki/Ornithogalum_umbellatum","","",""
"Plant200","Trillium recurvatum","Wake-robin","Liliaceae","Lily Family","","","","TRLA15","http://en.wikipedia.org/wiki/Trillium_recurvatum","noUrl","noUrl","noUrl"
"Plant201","Allium canadense","Wild onion","Liliaceae","Lily Family","","","","ALCAC","http://en.wikipedia.org/wiki/Allium_canadense","http://upload.wikimedia.org/wikipedia/commons/2/21/Allium_canadense.jpg","Eugene van der Pijll","http://commons.wikimedia.org/wiki/File:Allium_canadense.jpg"
"Plant202","Allium vineale","Wild garlic","Liliaceae","Lily Family","","","","ALVIC3","http://en.wikipedia.org/wiki/Allium_vineale","http://upload.wikimedia.org/wikipedia/commons/9/90/Allium_vineale01.jpg","Pethan","http://commons.wikimedia.org/wiki/File:Allium_vineale01.jpg"
"Plant203","Lagerstroemia indica","Crepe myrtle","Lythraceae","Loosestrife Family","","","","LAIN","no Url","noUrl","noUrl","noUrl"
"Plant204","Magnolia grandiflora","Magnolia, southern","Magnoliaceae","Magnolia Family","false","","tree","MAGR4","http://en.wikipedia.org/wiki/Magnolia_grandiflora","http://upload.wikimedia.org/wikipedia/commons/0/0d/Barcelonatree1.JPG","Boronian","http://commons.wikimedia.org/wiki/File:Barcelonatree1.JPG"
"Plant205","Liriodendron tulipifera","Tulip poplar","Magnoliaceae","Magnolia Family","true","","tree","LITU","http://en.wikipedia.org/wiki/Liriodendron_tulipifera","http://upload.wikimedia.org/wikipedia/commons/e/e3/Aureomarginatum%40UVic.JPG","Angilbas","http://commons.wikimedia.org/wiki/File:Aureomarginatum@UVic.JPG"
"Plant206","Modiola caroliniana","Carolina bristlemallow","Malvaceae","Mallow Family","true","","","MOCA","http://en.wikipedia.org/wiki/Modiola_caroliniana","http://upload.wikimedia.org/wikipedia/commons/1/12/Starr_040723-0268_Modiola_caroliniana.jpg","BotMultichillT","http://commons.wikimedia.org/wiki/File:Starr_040723-0268_Modiola_caroliniana.jpg"
"Plant207","Hibiscus syriacus","Rose-of-Sharon","Malvaceae","Mallow Family","","","","HISY","http://en.wikipedia.org/wiki/Hibiscus_syriacus","http://upload.wikimedia.org/wikipedia/commons/4/4e/2007-07-09Hibiscus_syriacus01.jpg","Wildfeuer","http://commons.wikimedia.org/wiki/File:2007-07-09Hibiscus_syriacus01.jpg"
"Plant208","Sida rhombifolia","Sida","Malvaceae","Mallow Family","","","","SIRHR","http://en.wikipedia.org/wiki/Sida_rhombifolia","http://upload.wikimedia.org/wikipedia/commons/2/23/Arrowleaf.jpg","DanielCD","http://commons.wikimedia.org/wiki/File:Arrowleaf.jpg"
"Plant209","Melia azedarach","Chinaberry tree","Meliaceae","Mahogany family","","","","MEAZ","no Url","noUrl","noUrl","noUrl"
"Plant210","Cocculus carolinus","Carolina moonseed","Menispermaceae","Moonseed Family","true","","","COCA","http://en.wikipedia.org/wiki/Cocculus_carolinus","http://upload.wikimedia.org/wikipedia/commons/6/64/Cocculus_carolinus.jpg","Eugene van der Pijll","http://commons.wikimedia.org/wiki/File:Cocculus_carolinus.jpg"
"Plant211","Menispermum canadense","Moonseed","Menispermaceae","Moonseed Family","","","","MECA3","http://en.wikipedia.org/wiki/Menispermum_canadense","http://upload.wikimedia.org/wikipedia/commons/5/5c/Menispermum_canadense.jpg","Dodo67","http://commons.wikimedia.org/wiki/File:Menispermum_canadense.jpg"
"Plant212","Fatoua villosa","Crab–weed","Moraceae","Mulberry family","","","","FAVI","no Url","http://upload.wikimedia.org/wikipedia/commons/c/c7/Fatoua_villosa_2007.07.15_14.37.23-p7150082.jpg","Mbc","http://commons.wikimedia.org/wiki/File:Fatoua_villosa_2007.07.15_14.37.23-p7150082.jpg"
"Plant213","Morus rubra","Mulberry, red","Moraceae","Mulberry family","","","tree","MORUR","http://en.wikipedia.org/wiki/Morus_rubra","http://upload.wikimedia.org/wikipedia/commons/b/bf/Morus_rubra.jpg","IvanTortuga","http://commons.wikimedia.org/wiki/File:Morus_rubra.jpg"
"Plant214","Morus alba","Mulberry, white","Moraceae","Mulberry family","","","tree","MOAL","http://en.wikipedia.org/wiki/Morus_alba","http://upload.wikimedia.org/wikipedia/commons/3/31/MAlba23032008.JPG","Jeekc","http://commons.wikimedia.org/wiki/File:MAlba23032008.JPG"
"Plant215","Broussonetia papyrifera","Mulberry, paper","Moraceae","Mulberry family","","","tree","BRPA4","http://en.wikipedia.org/wiki/Broussonetia_papyrifera","http://upload.wikimedia.org/wikipedia/commons/1/19/BroussonetiaPapyrifera.jpg","Fanghong","http://commons.wikimedia.org/wiki/File:BroussonetiaPapyrifera.jpg"
"Plant216","Maclura pomifera","Osage orange","Moraceae","Mulberry family","true","","tree","MAPO","http://en.wikipedia.org/wiki/Maclura_pomifera","http://upload.wikimedia.org/wikipedia/commons/9/91/Celastrus_orbiculatus_in_a_PA_woodland.JPG","SB Johnny","http://commons.wikimedia.org/wiki/File:Celastrus_orbiculatus_in_a_PA_woodland.JPG"
"Plant217","Nyssa sylvatica","Black gum","Nyssaceae","Gum Family","true","","tree","NYBI","http://en.wikipedia.org/wiki/Nyssa_sylvatica","noUrl","noUrl","noUrl"
"Plant218","Fraxinus pennsylvanica","Ah, green","Oleaceae","Ash Family","true","","tree","FRLA","http://en.wikipedia.org/wiki/Fraxinus_pennsylvanica","http://upload.wikimedia.org/wikipedia/commons/d/d4/Fraxinus_penn_IM000547.JPG","Kenraiz","http://commons.wikimedia.org/wiki/File:Fraxinus_penn_IM000547.JPG"
"Plant219","Fraxinus americana","Ash, white","Oleaceae","Ash Family","true","","tree","FRAM2","http://en.wikipedia.org/wiki/Fraxinus_americana","http://upload.wikimedia.org/wikipedia/commons/f/f7/Ashyellows.jpg","MPF","http://commons.wikimedia.org/wiki/File:Ashyellows.jpg"
"Plant220","Ligustrum sinense","Chinese privet","Oleaceae","Ash Family","false","invasive","","LISI","http://en.wikipedia.org/wiki/Ligustrum_sinense","http://upload.wikimedia.org/wikipedia/commons/0/04/Ligustrum_sinense_Variegatum1.jpg","KENPEI","http://commons.wikimedia.org/wiki/File:Ligustrum_sinense_Variegatum1.jpg"
"Plant221","Forsythia viridissima","Forsythia","Oleaceae","Ash Family","","","","FOVI","no Url","http://upload.wikimedia.org/wikipedia/commons/7/7f/ForsythiaViridissima.jpg","Fanghong","http://commons.wikimedia.org/wiki/File:ForsythiaViridissima.jpg"
"Plant222","Oxalis dillenii","Sorrell","Oxalidaceae","Sorrell Family","","","","OXDI2","no Url","noUrl","noUrl","noUrl"
"Plant223","Oxalis rubra","Sorrell, red","Oxalidaceae","Sorrell Family","","","","OXRU","http://en.wikipedia.org/wiki/Oxalis_rubra","http://upload.wikimedia.org/wikipedia/commons/a/ac/Oxalis_rubra_000.jpg","Folini","http://commons.wikimedia.org/wiki/File:Oxalis_rubra_000.jpg"
"Plant224","Stylophorum diphyllum","Celandine poppy","Papaveraceae","Poppy Family","true","","","STDI3","http://en.wikipedia.org/wiki/Stylophorum_diphyllum","http://upload.wikimedia.org/wikipedia/commons/f/f1/Celandine_Poppy_Stylophorum_diphyllum_Flower_2290px.jpg","Ram-Man","http://commons.wikimedia.org/wiki/File:Celandine_Poppy_Stylophorum_diphyllum_Flower_2290px.jpg"
"Plant225","Passiflora lutea L. var. glabriflora Fernald","Yellow passionflower","Passifloraceae","Passionflower Family","","","","PALU2","no Url","noUrl","noUrl","noUrl"
"Plant226","Phytolacca americana","Poke-weed","Phytolaccaceae","Poke Family","true","","","PHAMA3","http://en.wikipedia.org/wiki/Phytolacca_americana","http://upload.wikimedia.org/wikipedia/commons/2/2e/Esterel-Flore.jpg","Gilbertus","http://commons.wikimedia.org/wiki/File:Esterel-Flore.jpg"
"Plant227","Plantago rugelii","Plantain, blackseed","Plantaginaceae","Plantain Family","","","","PLRUA","no Url","noUrl","noUrl","noUrl"
"Plant228","Plantago lanceolata","Plantain, lance-leaf","Plantaginaceae","Plantain Family","","","","PLLA","http://en.wikipedia.org/wiki/Plantago_lanceolata","http://upload.wikimedia.org/wikipedia/commons/1/11/Babka_lancetowata_3420.jpg","Pleple2000","http://commons.wikimedia.org/wiki/File:Babka_lancetowata_3420.jpg"
"Plant229","Platanus occidentalis","Sycamore","Platanaceae","Plane-tree Family","true","","tree","PLOC","http://en.wikipedia.org/wiki/Platanus_occidentalis","http://upload.wikimedia.org/wikipedia/commons/f/fd/American-Sycamore-Bark.jpg","Mundhenk","http://commons.wikimedia.org/wiki/File:American-Sycamore-Bark.jpg"
"Plant230","Bromus racemosus","Bald bromegrass","Poaceae","Grass Family","","","","BRRA2","http://en.wikipedia.org/wiki/Bromus_racemosus","http://upload.wikimedia.org/wikipedia/commons/f/f7/Bromus_spp_Sturm49.jpg","Finavon","http://commons.wikimedia.org/wiki/File:Bromus_spp_Sturm49.jpg"
"Plant231","Echinochloa crus-galli","Barnyardgrass","Poaceae","Grass Family","","","","ECCR","http://en.wikipedia.org/wiki/Echinochloa_crusgalli","noUrl","noUrl","noUrl"
"Plant232","Paspalum pubiflorum","Beadgrass","Poaceae","Grass Family","","","","PAPU5","no Url","noUrl","noUrl","noUrl"
"Plant233","Brachyelytrum erectum","Bearded shorthusk","Poaceae","Grass Family","","","","BRAR9","no Url","noUrl","noUrl","noUrl"
"Plant234","Cynodon dactylon","Bermuda grass","Poaceae","Grass Family","","","","CYDAA2","http://en.wikipedia.org/wiki/Cynodon_dactylon","http://upload.wikimedia.org/wikipedia/commons/0/07/Csillagpazsit.jpg","Syp","http://commons.wikimedia.org/wiki/File:Csillagpazsit.jpg"
"Plant235","Poa sylvestris","Bluegrass, woodland","Poaceae","Grass Family","","","","POSY","no Url","noUrl","noUrl","noUrl"
"Plant236","Poa annua","Bluegrass, annual","Poaceae","Grass Family","","","","POAN","http://en.wikipedia.org/wiki/Poa_annua","http://upload.wikimedia.org/wikipedia/commons/9/9b/Nsr-slika-322.png","Romanm","http://commons.wikimedia.org/wiki/File:Nsr-slika-322.png"
"Plant237","Andropogon virginicus","Broom-sedge","Poaceae","Grass Family","","","","ANCA4","http://en.wikipedia.org/wiki/Andropogon_virginicus","noUrl","noUrl","noUrl"
"Plant238","Digitaria sanguinalis","Crab grass","Poaceae","Grass Family","","","","DICI","http://en.wikipedia.org/wiki/Digitaria_sanguinalis","http://upload.wikimedia.org/wikipedia/commons/8/80/Digitaria_sanguinalis.jpg","Eugene van der Pijll","http://commons.wikimedia.org/wiki/File:Digitaria_sanguinalis.jpg"
"Plant239","Dichanthelium clandestinum","Deer-tongue panicum","Poaceae","Grass Family","","","","DICL","no Url","noUrl","noUrl","noUrl"
"Plant240","Setaria glauca","Foxtail, yellow","Poaceae","Grass Family","","","","SEPUP3","http://en.wikipedia.org/wiki/Setaria_glauca","http://upload.wikimedia.org/wikipedia/commons/3/3a/Setaria_glauca_.jpg","Garacha","http://commons.wikimedia.org/wiki/File:Setaria_glauca_.jpg"
"Plant241","Setaria faberi","Foxtail, giant","Poaceae","Grass Family","","","","SEFA","http://en.wikipedia.org/wiki/Setaria_faberi","noUrl","noUrl","noUrl"
"Plant242","Arundinaria gigantea","Giant cane","Poaceae","Grass Family","","","","ARGIG","no Url","noUrl","noUrl","noUrl"
"Plant243","Eleusine indica","Goose grass","Poaceae","Grass Family","","","","ELCOA","http://en.wikipedia.org/wiki/Eleusine_indica","noUrl","noUrl","noUrl"
"Plant244","Tridens flavus","Grease grass","Poaceae","Grass Family","","","","TRFLC","http://en.wikipedia.org/wiki/Tridens_flavus","noUrl","noUrl","noUrl"
"Plant245","Chasmanthium latifolium","Inland sea oats","Poaceae","Grass Family","","","","CHLA5","http://en.wikipedia.org/wiki/Chasmanthium_latifolium","noUrl","noUrl","noUrl"
"Plant246","Bromus japonicus","Japanese chess","Poaceae","Grass Family","","","","BRAR5","no Url","noUrl","noUrl","noUrl"
"Plant247","Sorghum halepense","Johnson grass","Poaceae","Grass Family","","","","SOHA","http://en.wikipedia.org/wiki/Sorghum_halepense","http://upload.wikimedia.org/wikipedia/commons/2/28/Johnsongrass.JPG","Rsberzerker","http://commons.wikimedia.org/wiki/File:Johnsongrass.JPG"
"Plant248","Echinochloa colona","Junglerice","Poaceae","Grass Family","","","","ECCO2","http://en.wikipedia.org/wiki/Echinochloa_colonum","noUrl","noUrl","noUrl"
"Plant249","Chasmanthium sessiliflorum","Longleaf woodoats","Poaceae","Grass Family","","","","CHSE2","no Url","noUrl","noUrl","noUrl"
"Plant250","Glyceria striata","Manna grass","Poaceae","Grass Family","","","","GLST","http://en.wikipedia.org/wiki/Glyceria_striata","noUrl","noUrl","noUrl"
"Plant251","Microstegium vimineum","Nepal grass","Poaceae","Grass Family","","","","MIVI","http://en.wikipedia.org/wiki/Microstegium_vimineum","http://upload.wikimedia.org/wikipedia/commons/2/2d/Microstegium_vimineum_USDA.jpg","Djlayton4","http://commons.wikimedia.org/wiki/File:Microstegium_vimineum_USDA.jpg"
"Plant252","Muhlenbergia schreberi","Nimblewill","Poaceae","Grass Family","","","","MUCU2","http://en.wikipedia.org/wiki/Muhlenbergia_schreberi","noUrl","noUrl","noUrl"
"Plant253","Panicum anceps","Panic grass","Poaceae","Grass Family","","","","PAAN","no Url","noUrl","noUrl","noUrl"
"Plant254","Sphenopholis obtusata","Prairie wedgescale","Poaceae","Grass Family","","","","SPIN3","http://en.wikipedia.org/wiki/Sphenopholis_obtusata","noUrl","noUrl","noUrl"
"Plant255","Leersia oryzoides","Rice cutgrass","Poaceae","Grass Family","","","","LEOR","http://en.wikipedia.org/wiki/Leersia_oryzoides","http://upload.wikimedia.org/wikipedia/commons/7/7d/Coleanthus_subtilis_Thome.jpg","IKAl","http://commons.wikimedia.org/wiki/File:Coleanthus_subtilis_Thome.jpg"
"Plant256","Eragrostis cilianensis","Stinkgrass","Poaceae","Grass Family","","","","ERCIS","http://en.wikipedia.org/wiki/Eragrostis_cilianensis","noUrl","noUrl","noUrl"
"Plant257","Festuca arundinacea","Tall fescue","Poaceae","Grass Family","","","","SCPH","http://en.wikipedia.org/wiki/Festuca_arundinacea","http://upload.wikimedia.org/wikipedia/commons/3/3c/Festuca_spp_Sturm40.jpg","Finavon","http://commons.wikimedia.org/wiki/File:Festuca_spp_Sturm40.jpg"
"Plant258","Eragrostis pectinacea","Tufted lovegrass","Poaceae","Grass Family","","","","ERPEM","http://en.wikipedia.org/wiki/Eragrostis_pectinacea","noUrl","noUrl","noUrl"
"Plant259","Melica mutica","Twoflower melicgrass","Poaceae","Grass Family","","","","MEMU","no Url","noUrl","noUrl","noUrl"
"Plant260","Leersia virginica","White-grass","Poaceae","Grass Family","","","","LEVI2","http://en.wikipedia.org/wiki/Leersia_virginica","noUrl","noUrl","noUrl"
"Plant261","Elymus canadensis","Wildrye, Canada","Poaceae","Grass Family","","","","ELDA","http://en.wikipedia.org/wiki/Elymus_canadensis","http://upload.wikimedia.org/wikipedia/commons/3/36/Elymus_canadensis.jpg","Eugene van der Pijll","http://commons.wikimedia.org/wiki/File:Elymus_canadensis.jpg"
"Plant262","Elymus riparius","Wildrye, riverbank","Poaceae","Grass Family","","","","ELRI","no Url","noUrl","noUrl","noUrl"
"Plant263","Elymus virginicus","Wildrye, Virginia","Poaceae","Grass Family","","","","ELMO4","http://en.wikipedia.org/wiki/Elymus_virginicus","http://upload.wikimedia.org/wikipedia/commons/c/cf/Elymus_virginicus.jpg","Eugene van der Pijll","http://commons.wikimedia.org/wiki/File:Elymus_virginicus.jpg"
"Plant264","Polemonium reptans","Jacob’s ladder","Polemoniaceae","Phlox Family","true","","","PORER","http://en.wikipedia.org/wiki/Polemonium_reptans","http://upload.wikimedia.org/wikipedia/commons/4/40/Jacob%27s_Ladder_Polemonium_reptens_Flower_Buds_2628px.jpg","Ram-Man","http://commons.wikimedia.org/wiki/File:Jacob%27s_Ladder_Polemonium_reptens_Flower_Buds_2628px.jpg"
"Plant265","Phlox divaricata L. var. laphamii Alph. Wood","Woodland phlox","Polemoniaceae","Phlox Family","true","","","PHDIL6","no Url","noUrl","noUrl","noUrl"
"Plant266","Rumex crispus","Dock, curly","Polygonaceae","Smartweed Family","","","","RUCRC","http://en.wikipedia.org/wiki/Rumex_crispus","http://upload.wikimedia.org/wikipedia/commons/9/9b/Nsr-slika-296.png","Romanm","http://commons.wikimedia.org/wiki/File:Nsr-slika-296.png"
"Plant267","Rumex obtusifolius","Dock, bitter","Polygonaceae","Smartweed Family","","","","RUOB","http://en.wikipedia.org/wiki/Rumex_obtusifolius","http://upload.wikimedia.org/wikipedia/commons/9/98/Nsr-slika-110.png","Romanm","http://commons.wikimedia.org/wiki/File:Nsr-slika-110.png"
"Plant268","Polygonum virginianum","Knotweed, Virginia","Polygonaceae","Smartweed Family","true","","","POVI2","http://en.wikipedia.org/wiki/Polygonum_virginianum","noUrl","noUrl","noUrl"
"Plant269","Polygonum aviculare","Knotweed","Polygonaceae","Smartweed Family","","","","POAR11","http://en.wikipedia.org/wiki/Polygonum_aviculare","http://upload.wikimedia.org/wikipedia/commons/a/a4/Nsr-slika-297.png","Romanm","http://commons.wikimedia.org/wiki/File:Nsr-slika-297.png"
"Plant270","Polygonum scandens","Smartweed, climbing","Polygonaceae","Smartweed Family","","","","POSCC","no Url","noUrl","noUrl","noUrl"
"Plant271","Polygonum pensylvanicum","Smartweed, common","Polygonaceae","Smartweed Family","","","","POLA4","http://en.wikipedia.org/wiki/Polygonum_pensylvanicum","noUrl","noUrl","noUrl"
"Plant272","Polygonum cespitosum Blume var. longisetum (Bruijn) A.N. Steward","Smartweed, creeping","Polygonaceae","Smartweed Family","","","","POCEL","no Url","noUrl","noUrl","noUrl"
"Plant273","Polygonum densiflorum","Smartweed, denseflowered","Polygonaceae","Smartweed Family","","","","POGL10","no Url","noUrl","noUrl","noUrl"
"Plant274","Polygonum punctatum","Smartweed, spotted","Polygonaceae","Smartweed Family","","","","POPUC2","http://en.wikipedia.org/wiki/Polygonum_punctatum","noUrl","noUrl","noUrl"
"Plant275","Portulaca oleracea","Little hogweed","Portulacaceae","Purslane Family","","","","POOL","http://en.wikipedia.org/wiki/Portulaca_oleracea","http://upload.wikimedia.org/wikipedia/commons/7/7e/Illustration_Portulaca_oleracea0.jpg","Succu","http://commons.wikimedia.org/wiki/File:Illustration_Portulaca_oleracea0.jpg"
"Plant276","Claytonia virginica","Spring beauty","Portulacaceae","Purslane Family","","","","CLVIA","http://en.wikipedia.org/wiki/Claytonia_virginica","http://upload.wikimedia.org/wikipedia/commons/5/5e/Claytonia_virginiana_001.JPG","SB Johnny","http://commons.wikimedia.org/wiki/File:Claytonia_virginiana_001.JPG"
"Plant277","Actaea pachypoda","Doll’s-eyes","Ranunculaceae","Buttercup Family","","","","ACPA","http://en.wikipedia.org/wiki/Actaea_pachypoda","http://upload.wikimedia.org/wikipedia/commons/3/39/Actaea_acuminata01.jpg","Pethan","http://commons.wikimedia.org/wiki/File:Actaea_acuminata01.jpg"
"Plant278","Hydrastis canadensis","Golden seal","Ranunculaceae","Buttercup Family","true","","flower","HYCA","http://en.wikipedia.org/wiki/Hydrastis_canadensis","http://upload.wikimedia.org/wikipedia/commons/5/52/Hydrastis.jpg","Jdsteakley","http://commons.wikimedia.org/wiki/File:Hydrastis.jpg"
"Plant279","Thalictrum dioicum","Meadow rue","Ranunculaceae","Buttercup Family","","","","THDI","http://en.wikipedia.org/wiki/Thalictrum_dioicum","http://upload.wikimedia.org/wikipedia/commons/2/2a/Thalictrum_dioicum.jpg","Eugene van der Pijll","http://commons.wikimedia.org/wiki/File:Thalictrum_dioicum.jpg"
"Plant280","Ranunculus abortivus","Small-flowered buttercup","Ranunculaceae","Buttercup Family","","","","RAAB","no Url","http://upload.wikimedia.org/wikipedia/commons/3/3c/Ranunculus_abortivus_003.jpg","Nonenmac","http://commons.wikimedia.org/wiki/File:Ranunculus_abortivus_003.jpg"
"Plant281","Clematis virginiana","Virgin’s bower","Ranunculaceae","Buttercup Family","","","","CLVI5","http://en.wikipedia.org/wiki/Clematis_virginiana","http://upload.wikimedia.org/wikipedia/commons/5/57/Clematis_virginiana_001.JPG","SB Johnny","http://commons.wikimedia.org/wiki/File:Clematis_virginiana_001.JPG"
"Plant282","Berchemia scandens","Rattan vine","Rhamnaceae","Buckthorn Family","true","","","BESC","http://en.wikipedia.org/wiki/Berchemia_scandens","noUrl","noUrl","noUrl"
"Plant283","Duchesnea indica","Barren strawberry","Rosaceae","Rose Family","","","","DUIN","no Url","noUrl","noUrl","noUrl"
"Plant284","Agrimonia rostellata","Beaked agrimony","Rosaceae","Rose Family","","","","AGRO3","no Url","http://upload.wikimedia.org/wikipedia/commons/0/03/Agrimonia_rostellata_drawing.png","Tintazul","http://commons.wikimedia.org/wiki/File:Agrimonia_rostellata_drawing.png"
"Plant285","Prunus caroliniana","Carolina plum","Rosaceae","Rose Family","true","","","PRCA","http://en.wikipedia.org/wiki/Prunus_caroliniana","noUrl","noUrl","noUrl"
"Plant286","Potentilla simplex","Common cinquefoil","Rosaceae","Rose Family","","","","POSI2","no Url","noUrl","noUrl","noUrl"
"Plant287","Crataegus sp.","Hawthorn","Rosaceae","Rose Family","","","","CRSP","no Url","noUrl","noUrl","noUrl"
"Plant288","Rubus argutus","Highbush blackberry","Rosaceae","Rose Family","","","","RUAR2","no Url","http://upload.wikimedia.org/wikipedia/commons/f/f3/Starr_010423-0032_Rubus_argutus.jpg","BotMultichill","http://commons.wikimedia.org/wiki/File:Starr_010423-0032_Rubus_argutus.jpg"
"Plant289","Chaenomeles japonica","Japanese quince","Rosaceae","Rose Family","false","","","CHJA2","no Url","noUrl","noUrl","noUrl"
"Plant290","Rosa multiflora","Multiflora rose","Rosaceae","Rose Family","","","","ROMUW","http://en.wikipedia.org/wiki/Rosa_multiflora","http://upload.wikimedia.org/wikipedia/commons/8/82/Burning_pile_of_multiflora_rose.JPG","SB Johnny","http://commons.wikimedia.org/wiki/File:Burning_pile_of_multiflora_rose.JPG"
"Plant291","Amelanchier arborea","Serviceberry","Rosaceae","Rose Family","","","","AMARA3","http://en.wikipedia.org/wiki/Amelanchier_arborea","http://upload.wikimedia.org/wikipedia/commons/d/de/Amelanchier_arborea_2.JPG","Fepup","http://commons.wikimedia.org/wiki/File:Amelanchier_arborea_2.JPG"
"Plant292","Alchemilla microcarpa","Slender parsley piert","Rosaceae","Rose Family","","","","APMI","no Url","noUrl","noUrl","noUrl"
"Plant293","Rubus trivialis","Southern dewberry","Rosaceae","Rose Family","","","","RURI","no Url","noUrl","noUrl","noUrl"
"Plant294","Geum canadense","White avens","Rosaceae","Rose Family","","","","GECAC6","http://en.wikipedia.org/wiki/Geum_canadense","http://upload.wikimedia.org/wikipedia/commons/b/b4/Geum_Canadense_2506.jpg","Nonenmac","http://commons.wikimedia.org/wiki/File:Geum_Canadense_2506.jpg"
"Plant295","Prunus serotina","Wild black cherry","Rosaceae","Rose Family","true","","tree","PRAL7","http://en.wikipedia.org/wiki/Prunus_serotina","http://upload.wikimedia.org/wikipedia/commons/1/1d/Amerikaanse_vogelkers_Prunus_serotina.jpg","Rasbak","http://commons.wikimedia.org/wiki/File:Amerikaanse_vogelkers_Prunus_serotina.jpg"
"Plant296","Malus coronaria","Wild crab apple","Rosaceae","Rose Family","","","","MACO5","http://en.wikipedia.org/wiki/Malus_coronaria","noUrl","noUrl","noUrl"
"Plant297","Galium circaezans","Bedstraw","Rubiaceae","Madder Family","","","","GACIC","no Url","noUrl","noUrl","noUrl"
"Plant298","Hedyotis purpurea","Bluet","Rubiaceae","Madder Family","","","","HOCA5","http://en.wikipedia.org/wiki/Hedyotis_purpurea","noUrl","noUrl","noUrl"
"Plant299","Diodia teres","Button-weed, common","Rubiaceae","Madder Family","","","","DITEA","http://en.wikipedia.org/wiki/Diodia_teres","noUrl","noUrl","noUrl"
"Plant300","Diodia virginiana","Button-weed, Virginia","Rubiaceae","Madder Family","","","","DIVIA","no Url","noUrl","noUrl","noUrl"
"Plant301","Galium aparine","Cleavers","Rubiaceae","Madder Family","","","","GAAP2","http://en.wikipedia.org/wiki/Galium_aparine","http://upload.wikimedia.org/wikipedia/commons/d/de/Flowers_February_2008-4.jpg","Alvesgaspar","http://commons.wikimedia.org/wiki/File:Flowers_February_2008-4.jpg"
"Plant302","Sherardia arvensis","Field madder","Rubiaceae","Madder Family","","","","SHAR2","http://en.wikipedia.org/wiki/Sherardia_arvensis","http://upload.wikimedia.org/wikipedia/commons/c/c6/72_Sherardia_arvensis.jpg","Dim Grits","http://commons.wikimedia.org/wiki/File:72_Sherardia_arvensis.jpg"
"Plant303","Poncirus trifoliata","Trifoliate orange","Rutaceae","Rue Family","false","invasive","","POTR4","http://en.wikipedia.org/wiki/Poncirus_trifoliata","http://upload.wikimedia.org/wikipedia/commons/a/a4/Chinesische_Bitterorange_Poncirus_trifoliatus_051031.jpg","BS Thurner Hof","http://commons.wikimedia.org/wiki/File:Chinesische_Bitterorange_Poncirus_trifoliatus_051031.jpg"
"Plant304","Salix nigra","Black willow","Salicaceae","Willow Family","true","","tree","SAAM2","http://en.wikipedia.org/wiki/Salix_nigra","http://upload.wikimedia.org/wikipedia/commons/9/9e/Salix-nigra%2801%29.jpg","JoJan","http://commons.wikimedia.org/wiki/File:Salix-nigra(01).jpg"
"Plant305","Populus deltoides","Eastern cottonwood","Salicaceae","Willow Family","true","","tree","PODED","http://en.wikipedia.org/wiki/Populus_deltoides","http://upload.wikimedia.org/wikipedia/commons/c/c5/Cottonwood_20090521_083459_1.jpg","EnLorax","http://commons.wikimedia.org/wiki/File:Cottonwood_20090521_083459_1.jpg"
"Plant306","Hydrangea arborescens","Common hydrangea","Saxifragaceae","Saxifrage Family","true","","","HYAR","http://en.wikipedia.org/wiki/Hydrangea_arborescens","http://upload.wikimedia.org/wikipedia/commons/1/11/Hills-of-Snow_Hydrangea_arborescens_%27Grandiflora%27_Flowers_2606px.jpg","Ram-Man","http://commons.wikimedia.org/wiki/File:Hills-of-Snow_Hydrangea_arborescens_%27Grandiflora%27_Flowers_2606px.jpg"
"Plant307","Philadelphus inodorus","Mock orange","Saxifragaceae","Saxifrage Family","","","","PHIN5","no Url","noUrl","noUrl","noUrl"
"Plant308","Mazus pumilus","Japanese mazus","Scrophulariaceae","Figwort Family","false","","","MAPU7","no Url","http://upload.wikimedia.org/wikipedia/commons/9/9a/Mazus_pumilus.JPG","Dalgial","http://commons.wikimedia.org/wiki/File:Mazus_pumilus.JPG"
"Plant309","Scrophularia marilandica","Late figwort","Scrophulariaceae","Figwort Family","","","","SCMA2","http://en.wikipedia.org/wiki/Scrophularia_marilandica","noUrl","noUrl","noUrl"
"Plant310","Veronica peregrina","Neckweed","Scrophulariaceae","Figwort Family","","","","VEPEP","http://en.wikipedia.org/wiki/Veronica_peregrina","http://upload.wikimedia.org/wikipedia/commons/a/ac/Starr_000406-8015_Veronica_peregrina.jpg","BotMultichill","http://commons.wikimedia.org/wiki/File:Starr_000406-8015_Veronica_peregrina.jpg"
"Plant311","Veronica persica","Persian speedwell","Scrophulariaceae","Figwort Family","","","","VEPE3","http://en.wikipedia.org/wiki/Veronica_persica","http://upload.wikimedia.org/wikipedia/commons/a/aa/Persischer_Ehrenpreis.JPG","4028mdk09","http://commons.wikimedia.org/wiki/File:Persischer_Ehrenpreis.JPG"
"Plant312","Mimulus alatus","Square-stemmed monkey flower","Scrophulariaceae","Figwort Family","","","","MIAL2","no Url","noUrl","noUrl","noUrl"
"Plant313","Ailanthus altissima","Tree-of-heaven","Simarubaceae","Quassia Family","","","tree","AIAL","http://en.wikipedia.org/wiki/Ailanthus_altissima","http://upload.wikimedia.org/wikipedia/commons/a/a9/Ailanthus-altissima-aucubaefolia.jpg","Zkrzaków","http://commons.wikimedia.org/wiki/File:Ailanthus-altissima-aucubaefolia.jpg"
"Plant314","Smilax glauca","Catbrier, glaucus","Smilacaceae","Catbrier Family","true","","vine","SMGL","http://en.wikipedia.org/wiki/Smilax_glauca","http://upload.wikimedia.org/wikipedia/commons/7/74/Smilax_glauca_6.JPG","Fepup","http://commons.wikimedia.org/wiki/File:Smilax_glauca_6.JPG"
"Plant315","Smilax hispida","Catbrier, hispid","Smilacaceae","Catbrier Family","true","","vine","SMTA2","no Url","noUrl","noUrl","noUrl"
"Plant316","Smilax rotundifolia","Catbrier, roundleaf","Smilacaceae","Catbrier Family","true","","vine","SMRO","http://en.wikipedia.org/wiki/Smilax_rotundifolia","http://upload.wikimedia.org/wikipedia/commons/7/75/Smilax_rotundifolia_1.JPG","Fepup","http://commons.wikimedia.org/wiki/File:Smilax_rotundifolia_1.JPG"
"Plant317","Smilax smallii","Catbrier, Small’s","Smilacaceae","Catbrier Family","true","","vine","SMSM","no Url","noUrl","noUrl","noUrl"
"Plant318","Physalis pruinosa","Ground-cherry","Solanaceae","Potato Family","","","","PHGR22","no Url","http://upload.wikimedia.org/wikipedia/commons/d/d7/Physalis_pruinosa1SHSU.jpg","Shu Suehiro","http://commons.wikimedia.org/wiki/File:Physalis_pruinosa1SHSU.jpg"
"Plant319","Solanum americanum","Horse nettle","Solanaceae","Potato Family","","","","SOAM","http://en.wikipedia.org/wiki/Solanum_americanum","http://upload.wikimedia.org/wikipedia/commons/f/f4/Starr_010520-0074_Solanum_americanum.jpg","BotMultichill","http://commons.wikimedia.org/wiki/File:Starr_010520-0074_Solanum_americanum.jpg"
"Plant320","Tilia americana","American basswood","Tiliaceae","Linden Family","true","","","TIAMA","http://en.wikipedia.org/wiki/Tilia_americana","http://upload.wikimedia.org/wikipedia/commons/6/6d/AmericanBasswood.JPG","Schzmo","http://commons.wikimedia.org/wiki/File:AmericanBasswood.JPG"
"Plant321","Tilia heterophylla","Basswood","Tiliaceae","Linden Family","","","","TIAMH","http://en.wikipedia.org/wiki/Tilia_heterophylla","http://upload.wikimedia.org/wikipedia/commons/7/77/Tilia_monticola_JPG1A.jpg","Jean-Pol GRANDMONT","http://commons.wikimedia.org/wiki/File:Tilia_monticola_JPG1A.jpg"
"Plant322","Ulmus americana","Elm, American","Ulmaceae","Elm Family","true","","tree","ULAM","http://en.wikipedia.org/wiki/Ulmus_americana","http://upload.wikimedia.org/wikipedia/commons/e/e2/American_elmSK.jpg","SriMesh","http://commons.wikimedia.org/wiki/File:American_elmSK.jpg"
"Plant323","Ulmus rubra","Elm, slippery","Ulmaceae","Elm Family","","","tree","ULRU","http://en.wikipedia.org/wiki/Ulmus_rubra","noUrl","noUrl","noUrl"
"Plant324","Celtis occidentalis","Hackberry","Ulmaceae","Elm Family","true","","tree","CELAR","http://en.wikipedia.org/wiki/Celtis_occidentalis","http://upload.wikimedia.org/wikipedia/commons/d/d6/Celtis-occidentalis-flower.jpg","Sten","http://commons.wikimedia.org/wiki/File:Celtis-occidentalis-flower.jpg"
"Plant325","Celtis laevigata","Sugarberry","Ulmaceae","Elm Family","","","tree","CELAB","http://en.wikipedia.org/wiki/Celtis_laevigata","http://upload.wikimedia.org/wikipedia/commons/1/11/Sugarberry_Celtis_laevigata_2009-04-05.jpg","Gaberlunzi","http://commons.wikimedia.org/wiki/File:Sugarberry_Celtis_laevigata_2009-04-05.jpg"
"Plant326","Boehmeria cylindrica","Nettle, false","Urticaceae","Nettle Family","","","","BOCY","no Url","noUrl","noUrl","noUrl"
"Plant327","Laportea canadensis","Nettle, wood","Urticaceae","Nettle Family","","","","LACA3","http://en.wikipedia.org/wiki/Laportea_canadensis","noUrl","noUrl","noUrl"
"Plant328","Pilea pumila","Clearweed","Urticaceae","Nettle Family","","","","PIPUD","http://en.wikipedia.org/wiki/Pilea_pumila","http://upload.wikimedia.org/wikipedia/commons/e/e8/Pilea_pumila01.jpg","SB Johnny","http://commons.wikimedia.org/wiki/File:Pilea_pumila01.jpg"
"Plant329","Phryma leptostachya","Lopseed","Verbenaceae","Verbena Family","","","","PHLE5","no Url","noUrl","noUrl","noUrl"
"Plant330","Viola rafinesquei","Johnny-jump-up","Violaceae","Violet Family","","","","VIBI","http://en.wikipedia.org/wiki/Viola_rafinesquii","noUrl","noUrl","noUrl"
"Plant331","Viola papilionacea","Violet, butterfly","Violaceae","Violet Family","","","","VISO","http://en.wikipedia.org/wiki/Viola_papilionacea","noUrl","noUrl","noUrl"
"Plant332","Viola sororia","Violet, common","Violaceae","Violet Family","","","","VIAF2","http://en.wikipedia.org/wiki/Viola_sororia","http://upload.wikimedia.org/wikipedia/commons/3/30/Viola_sororia.jpg","TeunSpaans","http://commons.wikimedia.org/wiki/File:Viola_sororia.jpg"
"Plant333","Viola pubescens Aiton var. eriocarpon Nutt.","Violet, smooth yellow","Violaceae","Violet Family","","","","VIPUP2","http://en.wikipedia.org/wiki/Viola_pubescens","noUrl","noUrl","noUrl"
"Plant334","Vitis vulpina","Grape, fox","Vitaceae","Grape Family","true","","","VIRI","http://en.wikipedia.org/wiki/Vitis_vulpina","noUrl","noUrl","noUrl"
"Plant335","Ampelopsis cordata","Grape, raccoon","Vitaceae","Grape Family","true","","vine","AMAC4","http://www.ars-grin.gov/cgi-bin/npgs/html/taxon.pl?2966","noUrl","noUrl","noUrl"
"Plant336","Vitis riparia","Grape, riverbank","Vitaceae","Grape Family","true","","vine","VIRI","http://en.wikipedia.org/wiki/Vitis_riparia","http://upload.wikimedia.org/wikipedia/commons/2/2f/Vitis_riparia_%28USDA%29.jpg","MPF","http://commons.wikimedia.org/wiki/File:Vitis_riparia_(USDA).jpg"
"Plant337","Vitis aestivalis","Grape, summer","Vitaceae","Grape Family","true","","vine","VIAEA2","http://en.wikipedia.org/wiki/Vitis_aestivalis","http://upload.wikimedia.org/wikipedia/commons/9/97/Vitis_aestivalis_%28USDA%29.jpg","MPF","http://commons.wikimedia.org/wiki/File:Vitis_aestivalis_(USDA).jpg"
"Plant338","Vitis cinerea","Grape, winter","Vitaceae","Grape Family","true","","vine","VICIB","http://en.wikipedia.org/wiki/Vitis_cinerea","http://upload.wikimedia.org/wikipedia/commons/d/d7/Vitis_cinerea_%28USDA%29.jpg","MPF","http://commons.wikimedia.org/wiki/File:Vitis_cinerea_(USDA).jpg"
"Plant339","Vitis rotundifolia","Muscadine","Vitaceae","Grape Family","true","","vine","VIROM","http://en.wikipedia.org/wiki/Vitis_rotundifolia","http://upload.wikimedia.org/wikipedia/commons/8/8b/Vitis_rotundifolia.jpg","MPF","http://commons.wikimedia.org/wiki/File:Vitis_rotundifolia.jpg"
"Plant340","Ampelopsis arborea","Pepper vine","Vitaceae","Grape Family","","","vine","AMAR5","http://en.wikipedia.org/wiki/Ampelopsis_arborea","noUrl","noUrl","noUrl"
"Plant341","Parthenocissus quinquefolia","Virginia creeper","Vitaceae","Grape Family","true","","vine","PAQU2","http://en.wikipedia.org/wiki/Parthenocissus_quinquefolia","http://upload.wikimedia.org/wikipedia/commons/a/af/-_Parthenocissus_quinquefolia_01_-.jpg","Nino Barbieri","http://commons.wikimedia.org/wiki/File:-_Parthenocissus_quinquefolia_01_-.jpg"
